参数名,I/O编号
高温过热器出口段横向第45排#2管壁温,30HAH30CT454
高温过热器出口段横向第45排#3管壁温,30HAH30CT455
高温过热器出口段横向第45排#4管壁温,30HAH30CT456
高温过热器出口段横向第45排#5管壁温,30HAH30CT457
高温过热器出口段横向第45排#6管壁温,30HAH30CT458
高温过热器出口段横向第45排#7管壁温,30HAH30CT459
高温过热器出口段横向第45排#8管壁温,30HAH30CT460
高温过热器出口段横向第46排#1管壁温,30HAH30CT461
高温过热器出口段横向第46排#2管壁温,30HAH30CT462
高温过热器出口段横向第46排#3管壁温,30HAH30CT463
高温过热器出口段横向第46排#4管壁温,30HAH30CT464
高温过热器出口段横向第46排#5管壁温,30HAH30CT465
高温过热器出口段横向第46排#6管壁温,30HAH30CT466
高温过热器出口段横向第46排#7管壁温,30HAH30CT467
高温过热器出口段横向第46排#8管壁温,30HAH30CT468
高温过热器出口段横向第47排#1管壁温,30HAH30CT469
高温过热器出口段横向第47排#2管壁温,30HAH30CT470
高温过热器出口段横向第47排#3管壁温,30HAH30CT471
高温过热器出口段横向第47排#4管壁温,30HAH30CT472
高温过热器出口段横向第47排#5管壁温,30HAH30CT473
高温过热器出口段横向第47排#6管壁温,30HAH30CT474
高温过热器出口段横向第47排#7管壁温,30HAH30CT475
高温过热器出口段横向第47排#8管壁温,30HAH30CT476
高温过热器出口段横向第48排#1管壁温,30HAH30CT477
高温过热器出口段横向第48排#2管壁温,30HAH30CT478
高温过热器出口段横向第48排#3管壁温,30HAH30CT479
高温过热器出口段横向第48排#4管壁温,30HAH30CT480
高温过热器出口段横向第48排#5管壁温,30HAH30CT481
高温过热器出口段横向第48排#6管壁温,30HAH30CT482
高温过热器出口段横向第48排#7管壁温,30HAH30CT483
高温过热器出口段横向第48排#8管壁温,30HAH30CT484
高温过热器出口段横向第49排#1管壁温,30HAH30CT485
高温过热器出口段横向第49排#2管壁温,30HAH30CT486
高温过热器出口段横向第49排#3管壁温,30HAH30CT487
高温过热器出口段横向第49排#4管壁温,30HAH30CT488
高温过热器出口段横向第49排#5管壁温,30HAH30CT489
高温过热器出口段横向第49排#6管壁温,30HAH30CT490
高温过热器出口段横向第49排#7管壁温,30HAH30CT491
高温过热器出口段横向第49排#8管壁温,30HAH30CT492
高温过热器出口段横向第50排#1管壁温,30HAH30CT493
高温过热器出口段横向第50排#2管壁温,30HAH30CT494
高温过热器出口段横向第50排#3管壁温,30HAH30CT495
高温过热器出口段横向第50排#4管壁温,30HAH30CT496
高温过热器出口段横向第50排#5管壁温,30HAH30CT497
高温过热器出口段横向第50排#6管壁温,30HAH30CT498
高温过热器出口段横向第50排#7管壁温,30HAH30CT499
高温过热器出口段横向第50排#8管壁温,30HAH30CT500
高温过热器出口段横向第51排#1管壁温,30HAH30CT501
高温过热器出口段横向第51排#2管壁温,30HAH30CT502
高温过热器出口段横向第51排#3管壁温,30HAH30CT503
高温过热器出口段横向第51排#4管壁温,30HAH30CT504
高温过热器出口段横向第51排#5管壁温,30HAH30CT505
高温过热器出口段横向第51排#6管壁温,30HAH30CT506
高温过热器出口段横向第51排#7管壁温,30HAH30CT507
高温过热器出口段横向第51排#8管壁温,30HAH30CT508
高温过热器出口段横向第52排#1管壁温,30HAH30CT509
高温过热器出口段横向第52排#2管壁温,30HAH30CT510
高温过热器出口段横向第52排#3管壁温,30HAH30CT511
高温过热器出口段横向第52排#4管壁温,30HAH30CT512
高温过热器出口段横向第52排#5管壁温,30HAH30CT513
高温过热器出口段横向第52排#6管壁温,30HAH30CT514
高温过热器出口段横向第52排#7管壁温,30HAH30CT515
高温过热器出口段横向第52排#8管壁温,30HAH30CT516
高温过热器出口段横向第53排#1管壁温,30HAH30CT517
高温过热器出口段横向第53排#2管壁温,30HAH30CT518
高温过热器出口段横向第53排#3管壁温,30HAH30CT519
高温过热器出口段横向第53排#4管壁温,30HAH30CT520
高温过热器出口段横向第53排#5管壁温,30HAH30CT521
高温过热器出口段横向第53排#6管壁温,30HAH30CT522
高温过热器出口段横向第53排#7管壁温,30HAH30CT523
高温过热器出口段横向第53排#8管壁温,30HAH30CT524
高温过热器出口段横向第54排#1管壁温,30HAH30CT525
高温过热器出口段横向第54排#2管壁温,30HAH30CT526
高温过热器出口段横向第54排#3管壁温,30HAH30CT527
高温过热器出口段横向第54排#4管壁温,30HAH30CT528
高温过热器出口段横向第54排#5管壁温,30HAH30CT529
高温过热器出口段横向第54排#6管壁温,30HAH30CT530
高温过热器出口段横向第54排#7管壁温,30HAH30CT531
高温过热器出口段横向第54排#8管壁温,30HAH30CT532
高温过热器出口段横向第55排#1管壁温,30HAH30CT533
高温过热器出口段横向第55排#2管壁温,30HAH30CT534
高温过热器出口段横向第55排#3管壁温,30HAH30CT535
高温过热器出口段横向第55排#4管壁温,30HAH30CT536
高温过热器出口段横向第55排#5管壁温,30HAH30CT537
高温过热器出口段横向第55排#6管壁温,30HAH30CT538
高温过热器出口段横向第55排#7管壁温,30HAH30CT539
高温过热器出口段横向第55排#8管壁温,30HAH30CT540
高温过热器出口段横向第56排#1管壁温,30HAH30CT541
高温过热器出口段横向第56排#2管壁温,30HAH30CT542
高温过热器出口段横向第56排#3管壁温,30HAH30CT543
高温过热器出口段横向第56排#4管壁温,30HAH30CT544
高温过热器出口段横向第56排#5管壁温,30HAH30CT545
高温过热器出口段横向第56排#6管壁温,30HAH30CT546
高温过热器出口段横向第56排#7管壁温,30HAH30CT547
高温过热器出口段横向第56排#8管壁温,30HAH30CT548
高温过热器出口段横向第57排#1管壁温,30HAH30CT549
高温过热器出口段横向第57排#2管壁温,30HAH30CT550
高温过热器出口段横向第57排#3管壁温,30HAH30CT551
高温过热器出口段横向第57排#4管壁温,30HAH30CT552
高温过热器出口段横向第57排#5管壁温,30HAH30CT553
高温过热器出口段横向第57排#6管壁温,30HAH30CT554
高温过热器出口段横向第57排#7管壁温,30HAH30CT555
高温过热器出口段横向第57排#8管壁温,30HAH30CT556
高温过热器出口段横向第58排#1管壁温,30HAH30CT557
高温过热器出口段横向第58排#2管壁温,30HAH30CT558
高温过热器出口段横向第58排#3管壁温,30HAH30CT559
高温过热器出口段横向第58排#4管壁温,30HAH30CT560
高温过热器出口段横向第58排#5管壁温,30HAH30CT561
高温过热器出口段横向第58排#6管壁温,30HAH30CT562
高温过热器出口段横向第58排#7管壁温,30HAH30CT563
高温过热器出口段横向第58排#8管壁温,30HAH30CT564
高温过热器出口段横向第59排#2管壁温,30HAH30CT565
高温过热器出口段横向第59排#1管壁温,30HAH30CT566
高温过热器出口段横向第59排#3管壁温,30HAH30CT567
高温过热器出口段横向第59排#4管壁温,30HAH30CT568
高温过热器出口段横向第59排#5管壁温,30HAH30CT569
高温过热器出口段横向第59排#6管壁温,30HAH30CT570
高温过热器出口段横向第59排#7管壁温,30HAH30CT571
高温过热器出口段横向第59排#8管壁温,30HAH30CT572
高温过热器出口段横向第60排#1管壁温,30HAH30CT573
高温过热器出口段横向第60排#2管壁温,30HAH30CT574
高温过热器出口段横向第60排#3管壁温,30HAH30CT575
高温过热器出口段横向第60排#4管壁温,30HAH30CT576
高温过热器出口段横向第60排#5管壁温,30HAH30CT577
高温过热器出口段横向第60排#6管壁温,30HAH30CT578
高温过热器出口段横向第60排#7管壁温,30HAH30CT579
高温过热器出口段横向第60排#8管壁温,30HAH30CT580
高温过热器出口段横向第61排#1管壁温,30HAH30CT581
高温过热器出口段横向第61排#2管壁温,30HAH30CT582
高温过热器出口段横向第61排#3管壁温,30HAH30CT583
高温过热器出口段横向第61排#4管壁温,30HAH30CT584
高温过热器出口段横向第61排#5管壁温,30HAH30CT585
高温过热器出口段横向第61排#6管壁温,30HAH30CT586
高温过热器出口段横向第61排#7管壁温,30HAH30CT557
高温过热器出口段横向第61排#8管壁温,30HAH30CT588
高温过热器出口段横向第62排#1管壁温,30HAH30CT589
高温过热器出口段横向第62排#2管壁温,30HAH30CT590
高温过热器出口段横向第62排#3管壁温,30HAH30CT591
高温过热器出口段横向第62排#4管壁温,30HAH30CT592
高温过热器出口段横向第62排#5管壁温,30HAH30CT593
高温过热器出口段横向第62排#6管壁温,30HAH30CT594
高温过热器出口段横向第62排#7管壁温,30HAH30CT595
高温过热器出口段横向第62排#8管壁温,30HAH30CT596
高温过热器出口段横向第63排#1管壁温,30HAH30CT597
高温过热器出口段横向第63排#2管壁温,30HAH30CT598
高温过热器出口段横向第63排#3管壁温,30HAH30CT599
高温过热器出口段横向第63排#4管壁温,30HAH30CT600
高温过热器出口段横向第63排#5管壁温,30HAH30CT601
高温过热器出口段横向第63排#6管壁温,30HAH30CT602
高温过热器出口段横向第63排#7管壁温,30HAH30CT603
高温过热器出口段横向第63排#8管壁温,30HAH30CT604
高温过热器出口段横向第64排#1管壁温,30HAH30CT605
高温过热器出口段横向第64排#2管壁温,30HAH30CT606
高温过热器出口段横向第64排#3管壁温,30HAH30CT607
高温过热器出口段横向第64排#4管壁温,30HAH30CT608
高温过热器出口段横向第64排#5管壁温,30HAH30CT609
高温过热器出口段横向第64排#6管壁温,30HAH30CT610
高温过热器出口段横向第64排#7管壁温,30HAH30CT611
高温过热器出口段横向第64排#8管壁温,30HAH30CT612
高温过热器出口段横向第65排#1管壁温,30HAH30CT613
后墙隔墙出口段#4管壁温,30HAH10CT101
后墙隔墙出口段#20管壁温,30HAH10CT102
后墙隔墙出口段#36管壁温,30HAH10CT103
后墙隔墙出口段#52管壁温,30HAH10CT104
后墙隔墙出口段#68管壁温,30HAH10CT105
后墙隔墙出口段#84管壁温,30HAH10CT106
后墙隔墙出口段#100管壁温,30HAH10CT107
后墙隔墙出口段#116管壁温,30HAH10CT108
后墙隔墙出口段#132管壁温,30HAH10CT109
后墙隔墙出口段#148管壁温,30HAH10CT110
后墙隔墙出口段#164管壁温,30HAH10CT111
后墙隔墙出口段#180管壁温,30HAH10CT112
后墙隔墙出口段#196管壁温,30HAH10CT113
后墙隔墙出口段#212管壁温,30HAH10CT114
后墙隔墙出口段#228管壁温,30HAH10CT115
后墙隔墙出口段#244管壁温,30HAH10CT116
后墙隔墙出口段#260管壁温,30HAH10CT117
后墙隔墙出口段#276管壁温,30HAH10CT118
后墙隔墙出口段#292管壁温,30HAH10CT119
后墙隔墙出口段#308管壁温,30HAH10CT120
后墙隔墙出口段#324管壁温,30HAH10CT121
前墙隔墙出口段#13管壁温,30HAH10CT122
前墙隔墙出口段#29管壁温,30HAH10CT123
前墙隔墙出口段#45管壁温,30HAH10CT124
前墙隔墙出口段#61管壁温,30HAH10CT125
前墙隔墙出口段#77管壁温,30HAH10CT126
前墙隔墙出口段#93管壁温,30HAH10CT127
前墙隔墙出口段#109管壁温,30HAH10CT128
前墙隔墙出口段#125管壁温,30HAH10CT129
前墙隔墙出口段#141管壁温,30HAH10CT130
前墙隔墙出口段#157管壁温,30HAH10CT131
前墙隔墙出口段#171管壁温,30HAH10CT132
前墙隔墙出口段#187管壁温,30HAH10CT133
前墙隔墙出口段#203管壁温,30HAH10CT134
前墙隔墙出口段#219管壁温,30HAH10CT135
前墙隔墙出口段#235管壁温,30HAH10CT136
前墙隔墙出口段#251管壁温,30HAH10CT137
前墙隔墙出口段#267管壁温,30HAH10CT138
前墙隔墙出口段#283管壁温,30HAH10CT139
前墙隔墙出口段#299管壁温,30HAH10CT140
前墙隔墙出口段#315管壁温,30HAH10CT141
低温过热器下部屏出口段前墙横向第1排#13管壁温,30HAH20CT101
低温过热器下部屏出口段前墙横向第2排#13管壁温,30HAH20CT102
低温过热器下部屏出口段前墙横向第3排#13管壁温,30HAH20CT103
低温过热器下部屏出口段前墙横向第4排#13管壁温,30HAH20CT104
低温过热器下部屏出口段前墙横向第5排#13管壁温,30HAH20CT105
低温过热器下部屏出口段前墙横向第6排#13管壁温,30HAH20CT106
低温过热器下部屏出口段前墙横向第7排#13管壁温,30HAH20CT107
低温过热器下部屏出口段前墙横向第8排#13管壁温,30HAH20CT108
低温过热器下部屏出口段前墙横向第9排#13管壁温,30HAH20CT109
低温过热器下部屏出口段前墙横向第10排#13管壁温,30HAH20CT110
低温过热器下部屏出口段前墙横向第11排#13管壁温,30HAH20CT111
低温过热器下部屏出口段前墙横向第12排#13管壁温,30HAH20CT112
低温过热器下部屏出口段前墙横向第13排#13管壁温,30HAH20CT113
低温过热器下部屏出口段前墙横向第14排#13管壁温,30HAH20CT114
低温过热器下部屏出口段前墙横向第15排#13管壁温,30HAH20CT115
低温过热器下部屏出口段前墙横向第16排#13管壁温,30HAH20CT116
低温过热器下部屏出口段前墙横向第17排#13管壁温,30HAH20CT117
低温过热器下部屏出口段前墙横向第18排#13管壁温,30HAH20CT118
低温过热器下部屏出口段前墙横向第19排#13管壁温,30HAH20CT119
低温过热器下部屏出口段前墙横向第20排#13管壁温,30HAH20CT120
低温过热器下部屏出口段后墙横向第1排#13管壁温,30HAH20CT121
低温过热器下部屏出口段后墙横向第2排#13管壁温,30HAH20CT122
低温过热器下部屏出口段后墙横向第3排#13管壁温,30HAH20CT123
低温过热器下部屏出口段后墙横向第4排#13管壁温,30HAH20CT124
低温过热器下部屏出口段后墙横向第5排#13管壁温,30HAH20CT125
低温过热器下部屏出口段后墙横向第6排#13管壁温,30HAH20CT126
低温过热器下部屏出口段后墙横向第7排#13管壁温,30HAH20CT127
低温过热器下部屏出口段后墙横向第8排#13管壁温,30HAH20CT128
低温过热器下部屏出口段后墙横向第9排#13管壁温,30HAH20CT129
低温过热器下部屏出口段后墙横向第10排#13管壁温,30HAH20CT130
低温过热器下部屏出口段后墙横向第11排#13管壁温,30HAH20CT131
低温过热器下部屏出口段后墙横向第12排#13管壁温,30HAH20CT132
低温过热器下部屏出口段后墙横向第13排#13管壁温,30HAH20CT133
低温过热器下部屏出口段后墙横向第14排#13管壁温,30HAH20CT134
低温过热器下部屏出口段后墙横向第15排#13管壁温,30HAH20CT135
低温过热器下部屏出口段后墙横向第16排#13管壁温,30HAH20CT136
低温过热器下部屏出口段后墙横向第17排#13管壁温,30HAH20CT137
低温过热器下部屏出口段后墙横向第18排#13管壁温,30HAH20CT138
低温过热器下部屏出口段后墙横向第19排#13管壁温,30HAH20CT139
低温过热器下部屏出口段后墙横向第20排#13管壁温,30HAH20CT140
低温过热器上部屏出口段前墙横向第6排#1管壁温,30HAH20CT141
低温过热器上部屏出口段前墙横向第6排#2管壁温,30HAH20CT142
低温过热器上部屏出口段前墙横向第6排#3管壁温,30HAH20CT143
低温过热器上部屏出口段前墙横向第6排#4管壁温,30HAH20CT144
低温过热器上部屏出口段前墙横向第6排#5管壁温,30HAH20CT145
低温过热器上部屏出口段前墙横向第6排#6管壁温,30HAH20CT146
低温过热器上部屏出口段前墙横向第6排#7管壁温,30HAH20CT147
低温过热器上部屏出口段前墙横向第6排#8管壁温,30HAH20CT148
低温过热器上部屏出口段前墙横向第6排#9管壁温,30HAH20CT149
低温过热器上部屏出口段前墙横向第6排#10管壁温,30HAH20CT150
低温过热器上部屏出口段前墙横向第6排#11管壁温,30HAH20CT151
低温过热器上部屏出口段前墙横向第6排#12管壁温,30HAH20CT152
低温过热器上部屏出口段前墙横向第6排#13管壁温,30HAH20CT153
低温过热器上部屏出口段前墙横向第15排#1管壁温,30HAH20CT154
低温过热器上部屏出口段前墙横向第15排#2管壁温,30HAH20CT155
低温过热器上部屏出口段前墙横向第15排#3管壁温,30HAH20CT156
低温过热器上部屏出口段前墙横向第15排#4管壁温,30HAH20CT157
低温过热器上部屏出口段前墙横向第15排#5管壁温,30HAH20CT158
低温过热器上部屏出口段前墙横向第15排#6管壁温,30HAH20CT159
低温过热器上部屏出口段前墙横向第15排#7管壁温,30HAH20CT160
低温过热器上部屏出口段前墙横向第15排#8管壁温,30HAH20CT161
低温过热器上部屏出口段前墙横向第15排#9管壁温,30HAH20CT162
低温过热器上部屏出口段前墙横向第15排#10管壁温,30HAH20CT163
低温过热器上部屏出口段前墙横向第15排#11管壁温,30HAH20CT164
低温过热器上部屏出口段前墙横向第15排#12管壁温,30HAH20CT165
低温过热器上部屏出口段前墙横向第15排#13管壁温,30HAH20CT166
低温过热器上部屏出口段前墙横向第1排#13管壁温,30HAH20CT167
低温过热器上部屏出口段前墙横向第2排#13管壁温,30HAH20CT168
低温过热器上部屏出口段前墙横向第3排#13管壁温,30HAH20CT169
低温过热器上部屏出口段前墙横向第4排#13管壁温,30HAH20CT170
低温过热器上部屏出口段前墙横向第5排#13管壁温,30HAH20CT171
低温过热器上部屏出口段前墙横向第7排#13管壁温,30HAH20CT172
低温过热器上部屏出口段前墙横向第8排#13管壁温,30HAH20CT173
低温过热器上部屏出口段前墙横向第9排#13管壁温,30HAH20CT174
低温过热器上部屏出口段前墙横向第10排#13管壁温,30HAH20CT175
低温过热器上部屏出口段前墙横向第11排#13管壁温,30HAH20CT176
低温过热器上部屏出口段前墙横向第12排#13管壁温,30HAH20CT177
低温过热器上部屏出口段前墙横向第13排#13管壁温,30HAH20CT178
低温过热器上部屏出口段前墙横向第14排#13管壁温,30HAH20CT179
低温过热器上部屏出口段前墙横向第16排#13管壁温,30HAH20CT180
低温过热器上部屏出口段前墙横向第17排#13管壁温,30HAH20CT181
低温过热器上部屏出口段前墙横向第18排#13管壁温,30HAH20CT182
低温过热器上部屏出口段前墙横向第19排#13管壁温,30HAH20CT183
低温过热器上部屏出口段前墙横向第20排#13管壁温,30HAH20CT184
低温过热器上部屏出口段后墙横向第6排#1管壁温,30HAH20CT185
低温过热器上部屏出口段后墙横向第6排#2管壁温,30HAH20CT186
低温过热器上部屏出口段后墙横向第6排#3管壁温,30HAH20CT187
低温过热器上部屏出口段后墙横向第6排#4管壁温,30HAH20CT188
低温过热器上部屏出口段后墙横向第6排#5管壁温,30HAH20CT189
低温过热器上部屏出口段后墙横向第6排#6管壁温,30HAH20CT190
低温过热器上部屏出口段后墙横向第6排#7管壁温,30HAH20CT191
低温过热器上部屏出口段后墙横向第6排#8管壁温,30HAH20CT192
低温过热器上部屏出口段后墙横向第6排#9管壁温,30HAH20CT193
低温过热器上部屏出口段后墙横向第6排#10管壁温,30HAH20CT194
低温过热器上部屏出口段后墙横向第6排#11管壁温,30HAH20CT195
低温过热器上部屏出口段后墙横向第6排#12管壁温,30HAH20CT196
低温过热器上部屏出口段后墙横向第6排#13管壁温,30HAH20CT197
低温过热器上部屏出口段后墙横向第15排#1管壁温,30HAH20CT198
低温过热器上部屏出口段后墙横向第15排#2管壁温,30HAH20CT199
低温过热器上部屏出口段后墙横向第15排#3管壁温,30HAH20CT200
低温过热器上部屏出口段后墙横向第15排#4管壁温,30HAH20CT201
低温过热器上部屏出口段后墙横向第15排#5管壁温,30HAH20CT202
低温过热器上部屏出口段后墙横向第15排#6管壁温,30HAH20CT203
低温过热器上部屏出口段后墙横向第15排#7管壁温,30HAH20CT204
低温过热器上部屏出口段后墙横向第15排#8管壁温,30HAH20CT205
低温过热器上部屏出口段后墙横向第15排#9管壁温,30HAH20CT206
低温过热器上部屏出口段后墙横向第15排#10管壁温,30HAH20CT207
低温过热器上部屏出口段后墙横向第15排#11管壁温,30HAH20CT208
低温过热器上部屏出口段后墙横向第15排#12管壁温,30HAH20CT209
低温过热器上部屏出口段后墙横向第15排#13管壁温,30HAH20CT210
低温过热器上部屏出口段后墙横向第1排#13管壁温,30HAH20CT211
低温过热器上部屏出口段后墙横向第2排#13管壁温,30HAH20CT212
低温过热器上部屏出口段后墙横向第3排#13管壁温,30HAH20CT213
低温过热器上部屏出口段后墙横向第4排#13管壁温,30HAH20CT214
低温过热器上部屏出口段后墙横向第5排#13管壁温,30HAH20CT215
低温过热器上部屏出口段后墙横向第7排#13管壁温,30HAH20CT216
低温过热器上部屏出口段后墙横向第8排#13管壁温,30HAH20CT217
低温过热器上部屏出口段后墙横向第9排#13管壁温,30HAH20CT218
低温过热器上部屏出口段后墙横向第10排#13管壁温,30HAH20CT219
低温过热器上部屏出口段后墙横向第11排#13管壁温,30HAH20CT220
低温过热器上部屏出口段后墙横向第12排#13管壁温,30HAH20CT221
低温过热器上部屏出口段后墙横向第13排#13管壁温,30HAH20CT222
低温过热器上部屏出口段后墙横向第14排#13管壁温,30HAH20CT223
低温过热器上部屏出口段后墙横向第16排#13管壁温,30HAH20CT224
低温过热器上部屏出口段后墙横向第17排#13管壁温,30HAH20CT225
低温过热器上部屏出口段后墙横向第18排#13管壁温,30HAH20CT226
低温过热器上部屏出口段后墙横向第19排#13管壁温,30HAH20CT227
低温过热器上部屏出口段后墙横向第20排#13管壁温,30HAH20CT228
定位管出口壁温A,30HAH20CT231
定位管出口壁温B,30HAH20CT232
高温过热器出口段横向第1排#1管壁温,30HAH30CT101
高温过热器出口段横向第1排#2管壁温,30HAH30CT102
高温过热器出口段横向第1排#3管壁温,30HAH30CT103
高温过热器出口段横向第1排#4管壁温,30HAH30CT104
高温过热器出口段横向第1排#5管壁温,30HAH30CT105
高温过热器出口段横向第1排#6管壁温,30HAH30CT106
高温过热器出口段横向第1排#7管壁温,30HAH30CT107
高温过热器出口段横向第1排#8管壁温,30HAH30CT108
高温过热器出口段横向第2排#1管壁温,30HAH30CT109
高温过热器出口段横向第2排#2管壁温,30HAH30CT110
高温过热器出口段横向第2排#3管壁温,30HAH30CT111
高温过热器出口段横向第2排#4管壁温,30HAH30CT112
高温过热器出口段横向第2排#5管壁温,30HAH30CT113
高温过热器出口段横向第2排#6管壁温,30HAH30CT114
高温过热器出口段横向第2排#7管壁温,30HAH30CT115
高温过热器出口段横向第2排#8管壁温,30HAH30CT116
高温过热器出口段横向第3排#1管壁温,30HAH30CT117
高温过热器出口段横向第3排#2管壁温,30HAH30CT118
高温过热器出口段横向第3排#3管壁温,30HAH30CT119
高温过热器出口段横向第3排#4管壁温,30HAH30CT120
高温过热器出口段横向第3排#5管壁温,30HAH30CT121
高温过热器出口段横向第3排#6管壁温,30HAH30CT122
高温过热器出口段横向第3排#7管壁温,30HAH30CT123
高温过热器出口段横向第3排#8管壁温,30HAH30CT124
高温过热器出口段横向第4排#1管壁温,30HAH30CT125
高温过热器出口段横向第4排#2管壁温,30HAH30CT126
高温过热器出口段横向第4排#3管壁温,30HAH30CT127
高温过热器出口段横向第4排#5管壁温,30HAH30CT129
高温过热器出口段横向第4排#6管壁温,30HAH30CT130
高温过热器出口段横向第25排#1管壁温,30HAH30CT293
高温过热器出口段横向第25排#2管壁温,30HAH30CT294
高温过热器出口段横向第25排#3管壁温,30HAH30CT295
高温过热器出口段横向第25排#4管壁温,30HAH30CT296
高温过热器出口段横向第25排#5管壁温,30HAH30CT297
高温过热器出口段横向第25排#6管壁温,30HAH30CT298
高温过热器出口段横向第25排#7管壁温,30HAH30CT299
高温过热器出口段横向第25排#8管壁温,30HAH30CT300
高温过热器出口段横向第26排#1管壁温,30HAH30CT301
高温过热器出口段横向第26排#2管壁温,30HAH30CT302
高温过热器出口段横向第26排#3管壁温,30HAH30CT303
高温过热器出口段横向第26排#4管壁温,30HAH30CT304
高温过热器出口段横向第26排#5管壁温,30HAH30CT305
高温过热器出口段横向第26排#6管壁温,30HAH30CT306
高温过热器出口段横向第26排#7管壁温,30HAH30CT307
高温过热器出口段横向第26排#8管壁温,30HAH30CT308
高温过热器出口段横向第27排#1管壁温,30HAH30CT309
高温过热器出口段横向第27排#2管壁温,30HAH30CT310
高温过热器出口段横向第27排#3管壁温,30HAH30CT311
高温过热器出口段横向第27排#4管壁温,30HAH30CT312
高温过热器出口段横向第27排#5管壁温,30HAH30CT313
高温过热器出口段横向第27排#6管壁温,30HAH30CT314
高温过热器出口段横向第27排#7管壁温,30HAH30CT315
高温过热器出口段横向第27排#8管壁温,30HAH30CT316
高温过热器出口段横向第28排#1管壁温,30HAH30CT317
高温过热器出口段横向第28排#2管壁温,30HAH30CT318
高温过热器出口段横向第28排#3管壁温,30HAH30CT319
高温过热器出口段横向第28排#4管壁温,30HAH30CT320
高温过热器出口段横向第28排#5管壁温,30HAH30CT321
高温过热器出口段横向第28排#6管壁温,30HAH30CT322
高温过热器出口段横向第28排#7管壁温,30HAH30CT323
高温过热器出口段横向第28排#8管壁温,30HAH30CT324
高温过热器出口段横向第29排#1管壁温,30HAH30CT325
高温过热器出口段横向第29排#2管壁温,30HAH30CT326
高温过热器出口段横向第29排#3管壁温,30HAH30CT327
高温过热器出口段横向第29排#4管壁温,30HAH30CT328
高温过热器出口段横向第29排#5管壁温,30HAH30CT329
高温过热器出口段横向第29排#6管壁温,30HAH30CT330
高温过热器出口段横向第29排#7管壁温,30HAH30CT331
高温过热器出口段横向第29排#8管壁温,30HAH30CT332
高温过热器出口段横向第4排#7管壁温,30HAH30CT131
高温过热器出口段横向第4排#8管壁温,30HAH30CT132
高温过热器出口段横向第5排#1管壁温,30HAH30CT133
高温过热器出口段横向第5排#2管壁温,30HAH30CT134
高温过热器出口段横向第5排#3管壁温,30HAH30CT135
高温过热器出口段横向第5排#4管壁温,30HAH30CT136
高温过热器出口段横向第5排#5管壁温,30HAH30CT137
高温过热器出口段横向第5排#6管壁温,30HAH30CT138
高温过热器出口段横向第5排#7管壁温,30HAH30CT139
高温过热器出口段横向第5排#8管壁温,30HAH30CT140
高温过热器出口段横向第6排#1管壁温,30HAH30CT141
高温过热器出口段横向第6排#2管壁温,30HAH30CT142
高温过热器出口段横向第6排#3管壁温,30HAH30CT143
高温过热器出口段横向第6排#4管壁温,30HAH30CT144
高温过热器出口段横向第6排#5管壁温,30HAH30CT145
高温过热器出口段横向第6排#6管壁温,30HAH30CT146
高温过热器出口段横向第6排#7管壁温,30HAH30CT147
高温过热器出口段横向第6排#8管壁温,30HAH30CT148
高温过热器出口段横向第7排#1管壁温,30HAH30CT149
高温过热器出口段横向第7排#2管壁温,30HAH30CT150
高温过热器出口段横向第7排#3管壁温,30HAH30CT151
高温过热器出口段横向第7排#4管壁温,30HAH30CT152
高温过热器出口段横向第7排#5管壁温,30HAH30CT153
高温过热器出口段横向第7排#6管壁温,30HAH30CT154
高温过热器出口段横向第7排#7管壁温,30HAH30CT155
高温过热器出口段横向第7排#8管壁温,30HAH30CT156
高温过热器出口段横向第8排#1管壁温,30HAH30CT157
高温过热器出口段横向第8排#2管壁温,30HAH30CT158
高温过热器出口段横向第8排#3管壁温,30HAH30CT159
高温过热器出口段横向第8排#4管壁温,30HAH30CT160
高温过热器出口段横向第8排#5管壁温,30HAH30CT161
高温过热器出口段横向第8排#6管壁温,30HAH30CT162
高温过热器出口段横向第8排#7管壁温,30HAH30CT163
高温过热器出口段横向第8排#8管壁温,30HAH30CT164
高温过热器出口段横向第9排#1管壁温,30HAH30CT165
高温过热器出口段横向第9排#2管壁温,30HAH30CT166
高温过热器出口段横向第9排#3管壁温,30HAH30CT167
高温过热器出口段横向第9排#4管壁温,30HAH30CT168
高温过热器出口段横向第9排#5管壁温,30HAH30CT169
高温过热器出口段横向第9排#6管壁温,30HAH30CT170
高温过热器出口段横向第9排#7管壁温,30HAH30CT171
高温过热器出口段横向第9排#8管壁温,30HAH30CT172
高温过热器出口段横向第10排#1管壁温,30HAH30CT173
高温过热器出口段横向第10排#2管壁温,30HAH30CT174
高温过热器出口段横向第10排#3管壁温,30HAH30CT175
高温过热器出口段横向第10排#4管壁温,30HAH30CT176
高温过热器出口段横向第10排#5管壁温,30HAH30CT177
高温过热器出口段横向第10排#6管壁温,30HAH30CT178
高温过热器出口段横向第10排#7管壁温,30HAH30CT179
高温过热器出口段横向第10排#8管壁温,30HAH30CT180
高温过热器出口段横向第11排#1管壁温,30HAH30CT181
高温过热器出口段横向第11排#2管壁温,30HAH30CT182
高温过热器出口段横向第11排#3管壁温,30HAH30CT183
高温过热器出口段横向第11排#4管壁温,30HAH30CT184
高温过热器出口段横向第11排#5管壁温,30HAH30CT185
高温过热器出口段横向第11排#6管壁温,30HAH30CT186
高温过热器出口段横向第11排#7管壁温,30HAH30CT187
高温过热器出口段横向第11排#8管壁温,30HAH30CT188
高温过热器出口段横向第12排#1管壁温,30HAH30CT189
高温过热器出口段横向第12排#2管壁温,30HAH30CT190
高温过热器出口段横向第12排#3管壁温,30HAH30CT191
高温过热器出口段横向第12排#4管壁温,30HAH30CT192
高温过热器出口段横向第12排#5管壁温,30HAH30CT193
高温过热器出口段横向第12排#6管壁温,30HAH30CT194
高温过热器出口段横向第12排#7管壁温,30HAH30CT195
高温过热器出口段横向第12排#8管壁温,30HAH30CT196
高温过热器出口段横向第13排#1管壁温,30HAH30CT197
高温过热器出口段横向第13排#2管壁温,30HAH30CT198
高温过热器出口段横向第13排#3管壁温,30HAH30CT199
高温过热器出口段横向第13排#4管壁温,30HAH30CT200
高温过热器出口段横向第13排#5管壁温,30HAH30CT201
高温过热器出口段横向第13排#6管壁温,30HAH30CT202
高温过热器出口段横向第13排#7管壁温,30HAH30CT203
高温过热器出口段横向第13排#8管壁温,30HAH30CT204
高温过热器出口段横向第14排#1管壁温,30HAH30CT205
高温过热器出口段横向第14排#2管壁温,30HAH30CT206
高温过热器出口段横向第14排#3管壁温,30HAH30CT207
高温过热器出口段横向第14排#4管壁温,30HAH30CT208
高温过热器出口段横向第14排#5管壁温,30HAH30CT209
高温过热器出口段横向第14排#6管壁温,30HAH30CT210
高温过热器出口段横向第14排#7管壁温,30HAH30CT211
高温过热器出口段横向第14排#8管壁温,30HAH30CT212
高温过热器出口段横向第15排#1管壁温,30HAH30CT213
高温过热器出口段横向第15排#2管壁温,30HAH30CT214
高温过热器出口段横向第15排#3管壁温,30HAH30CT215
高温过热器出口段横向第15排#4管壁温,30HAH30CT216
高温过热器出口段横向第15排#5管壁温,30HAH30CT217
高温过热器出口段横向第15排#6管壁温,30HAH30CT218
高温过热器出口段横向第15排#8管壁温,30HAH30CT220
高温过热器出口段横向第16排#1管壁温,30HAH30CT221
高温过热器出口段横向第16排#2管壁温,30HAH30CT222
高温过热器出口段横向第16排#3管壁温,30HAH30CT223
高温过热器出口段横向第16排#4管壁温,30HAH30CT224
高温过热器出口段横向第16排#5管壁温,30HAH30CT225
高温过热器出口段横向第16排#6管壁温,30HAH30CT226
高温过热器出口段横向第16排#7管壁温,30HAH30CT227
高温过热器出口段横向第16排#8管壁温,30HAH30CT228
高温过热器出口段横向第17排#1管壁温,30HAH30CT229
高温过热器出口段横向第17排#2管壁温,30HAH30CT230
高温过热器出口段横向第17排#3管壁温,30HAH30CT231
高温过热器出口段横向第17排#4管壁温,30HAH30CT232
高温过热器出口段横向第17排#5管壁温,30HAH30CT233
高温过热器出口段横向第17排#6管壁温,30HAH30CT234
高温过热器出口段横向第17排#7管壁温,30HAH30CT235
高温过热器出口段横向第17排#8管壁温,30HAH30CT236
高温过热器出口段横向第18排#1管壁温,30HAH30CT237
高温过热器出口段横向第18排#2管壁温,30HAH30CT238
高温过热器出口段横向第18排#3管壁温,30HAH30CT239
高温过热器出口段横向第18排#4管壁温,30HAH30CT240
高温过热器出口段横向第18排#5管壁温,30HAH30CT241
高温过热器出口段横向第18排#6管壁温,30HAH30CT242
高温过热器出口段横向第18排#7管壁温,30HAH30CT243
高温过热器出口段横向第18排#8管壁温,30HAH30CT244
高温过热器出口段横向第19排#1管壁温,30HAH30CT245
高温过热器出口段横向第19排#2管壁温,30HAH30CT246
高温过热器出口段横向第19排#3管壁温,30HAH30CT247
高温过热器出口段横向第19排#4管壁温,30HAH30CT248
高温过热器出口段横向第19排#5管壁温,30HAH30CT249
高温过热器出口段横向第19排#6管壁温,30HAH30CT250
高温过热器出口段横向第19排#7管壁温,30HAH30CT251
高温过热器出口段横向第19排#8管壁温,30HAH30CT252
高温过热器出口段横向第20排#1管壁温,30HAH30CT253
高温过热器出口段横向第20排#2管壁温,30HAH30CT254
高温过热器出口段横向第20排#3管壁温,30HAH30CT255
高温过热器出口段横向第20排#4管壁温,30HAH30CT256
高温过热器出口段横向第20排#5管壁温,30HAH30CT257
高温过热器出口段横向第20排#6管壁温,30HAH30CT258
高温过热器出口段横向第20排#7管壁温,30HAH30CT259
高温过热器出口段横向第20排#8管壁温,30HAH30CT260
高温过热器出口段横向第21排#1管壁温,30HAH30CT261
高温过热器出口段横向第21排#2管壁温,30HAH30CT262
高温过热器出口段横向第21排#3管壁温,30HAH30CT263
高温过热器出口段横向第21排#4管壁温,30HAH30CT264
高温过热器出口段横向第21排#5管壁温,30HAH30CT265
高温过热器出口段横向第21排#6管壁温,30HAH30CT266
高温过热器出口段横向第21排#7管壁温,30HAH30CT267
高温过热器出口段横向第21排#8管壁温,30HAH30CT268
高温过热器出口段横向第22排#1管壁温,30HAH30CT269
高温过热器出口段横向第22排#2管壁温,30HAH30CT270
高温过热器出口段横向第22排#3管壁温,30HAH30CT271
高温过热器出口段横向第22排#4管壁温,30HAH30CT272
高温过热器出口段横向第22排#5管壁温,30HAH30CT273
高温过热器出口段横向第22排#6管壁温,30HAH30CT274
高温过热器出口段横向第22排#7管壁温,30HAH30CT275
高温过热器出口段横向第22排#8管壁温,30HAH30CT276
高温过热器出口段横向第23排#1管壁温,30HAH30CT277
高温过热器出口段横向第23排#2管壁温,30HAH30CT278
高温过热器出口段横向第23排#3管壁温,30HAH30CT279
高温过热器出口段横向第23排#4管壁温,30HAH30CT280
高温过热器出口段横向第23排#5管壁温,30HAH30CT281
高温过热器出口段横向第23排#6管壁温,30HAH30CT282
高温过热器出口段横向第23排#7管壁温,30HAH30CT283
高温过热器出口段横向第23排#8管壁温,30HAH30CT284
高温过热器出口段横向第24排#1管壁温,30HAH30CT285
高温过热器出口段横向第24排#3管壁温,30HAH30CT287
高温过热器出口段横向第24排#4管壁温,30HAH30CT288
高温过热器出口段横向第24排#5管壁温,30HAH30CT289
高温过热器出口段横向第24排#6管壁温,30HAH30CT290
高温过热器出口段横向第24排#7管壁温,30HAH30CT291
高温过热器出口段横向第24排#8管壁温,30HAH30CT292
高温过热器出口段横向第30排#1管壁温,30HAH30CT333
高温过热器出口段横向第30排#2管壁温,30HAH30CT334
高温过热器出口段横向第30排#3管壁温,30HAH30CT335
高温过热器出口段横向第30排#4管壁温,30HAH30CT336
高温过热器出口段横向第30排#5管壁温,30HAH30CT337
高温过热器出口段横向第30排#6管壁温,30HAH30CT338
高温过热器出口段横向第30排#7管壁温,30HAH30CT339
高温过热器出口段横向第30排#8管壁温,30HAH30CT340
高温过热器出口段横向第31排#1管壁温,30HAH30CT341
高温过热器出口段横向第31排#2管壁温,30HAH30CT342
高温过热器出口段横向第31排#3管壁温,30HAH30CT343
高温过热器出口段横向第31排#4管壁温,30HAH30CT344
高温过热器出口段横向第31排#5管壁温,30HAH30CT345
高温过热器出口段横向第31排#6管壁温,30HAH30CT346
高温过热器出口段横向第31排#7管壁温,30HAH30CT347
高温过热器出口段横向第31排#8管壁温,30HAH30CT348
高温过热器出口段横向第32排#1管壁温,30HAH30CT349
高温过热器出口段横向第32排#2管壁温,30HAH30CT350
高温过热器出口段横向第32排#3管壁温,30HAH30CT351
高温过热器出口段横向第32排#4管壁温,30HAH30CT352
高温过热器出口段横向第32排#5管壁温,30HAH30CT353
高温过热器出口段横向第32排#6管壁温,30HAH30CT354
高温过热器出口段横向第32排#7管壁温,30HAH30CT355
高温过热器出口段横向第32排#8管壁温,30HAH30CT356
高温过热器出口段横向第33排#1管壁温,30HAH30CT357
高温过热器出口段横向第33排#2管壁温,30HAH30CT358
高温过热器出口段横向第33排#3管壁温,30HAH30CT359
高温过热器出口段横向第33排#4管壁温,30HAH30CT360
高温过热器出口段横向第33排#5管壁温,30HAH30CT361
高温过热器出口段横向第33排#6管壁温,30HAH30CT362
高温过热器出口段横向第33排#7管壁温,30HAH30CT363
高温过热器出口段横向第33排#8管壁温,30HAH30CT364
高温过热器出口段横向第34排#1管壁温,30HAH30CT365
高温过热器出口段横向第34排#2管壁温,30HAH30CT366
高温过热器出口段横向第34排#3管壁温,30HAH30CT367
高温过热器出口段横向第34排#4管壁温,30HAH30CT368
高温过热器出口段横向第34排#5管壁温,30HAH30CT369
高温过热器出口段横向第34排#6管壁温,30HAH30CT370
高温过热器出口段横向第34排#7管壁温,30HAH30CT371
高温过热器出口段横向第34排#8管壁温,30HAH30CT372
高温过热器出口段横向第35排#2管壁温,30HAH30CT374
高温过热器出口段横向第35排#3管壁温,30HAH30CT375
高温过热器出口段横向第35排#4管壁温,30HAH30CT376
高温过热器出口段横向第35排#5管壁温,30HAH30CT377
高温过热器出口段横向第35排#6管壁温,30HAH30CT378
高温过热器出口段横向第35排#7管壁温,30HAH30CT379
高温过热器出口段横向第35排#8管壁温,30HAH30CT380
高温过热器出口段横向第36排#1管壁温,30HAH30CT381
高温过热器出口段横向第36排#2管壁温,30HAH30CT382
高温过热器出口段横向第36排#3管壁温,30HAH30CT383
高温过热器出口段横向第36排#4管壁温,30HAH30CT384
高温过热器出口段横向第36排#5管壁温,30HAH30CT385
高温过热器出口段横向第36排#6管壁温,30HAH30CT386
高温过热器出口段横向第36排#7管壁温,30HAH30CT387
高温过热器出口段横向第36排#8管壁温,30HAH30CT388
高温过热器出口段横向第37排#1管壁温,30HAH30CT389
高温过热器出口段横向第37排#2管壁温,30HAH30CT390
高温过热器出口段横向第37排#3管壁温,30HAH30CT391
高温过热器出口段横向第37排#4管壁温,30HAH30CT392
高温过热器出口段横向第37排#5管壁温,30HAH30CT393
高温过热器出口段横向第37排#6管壁温,30HAH30CT394
高温过热器出口段横向第37排#7管壁温,30HAH30CT395
高温过热器出口段横向第37排#8管壁温,30HAH30CT396
高温过热器出口段横向第38排#1管壁温,30HAH30CT397
高温过热器出口段横向第38排#2管壁温,30HAH30CT398
高温过热器出口段横向第38排#3管壁温,30HAH30CT399
高温过热器出口段横向第38排#4管壁温,30HAH30CT400
高温过热器出口段横向第38排#5管壁温,30HAH30CT401
高温过热器出口段横向第38排#6管壁温,30HAH30CT402
高温过热器出口段横向第38排#7管壁温,30HAH30CT403
高温过热器出口段横向第38排#8管壁温,30HAH30CT404
高温过热器出口段横向第39排#1管壁温,30HAH30CT405
高温过热器出口段横向第39排#2管壁温,30HAH30CT406
高温过热器出口段横向第39排#3管壁温,30HAH30CT407
高温过热器出口段横向第39排#4管壁温,30HAH30CT408
高温过热器出口段横向第39排#5管壁温,30HAH30CT409
高温过热器出口段横向第39排#6管壁温,30HAH30CT410
高温过热器出口段横向第39排#7管壁温,30HAH30CT411
高温过热器出口段横向第39排#8管壁温,30HAH30CT412
高温过热器出口段横向第40排#1管壁温,30HAH30CT413
高温过热器出口段横向第40排#2管壁温,30HAH30CT414
高温过热器出口段横向第40排#3管壁温,30HAH30CT415
高温过热器出口段横向第40排#4管壁温,30HAH30CT416
高温过热器出口段横向第40排#5管壁温,30HAH30CT417
高温过热器出口段横向第40排#6管壁温,30HAH30CT418
高温过热器出口段横向第40排#7管壁温,30HAH30CT419
高温过热器出口段横向第40排#8管壁温,30HAH30CT420
高温过热器出口段横向第41排#1管壁温,30HAH30CT421
高温过热器出口段横向第41排#2管壁温,30HAH30CT422
高温过热器出口段横向第41排#3管壁温,30HAH30CT423
高温过热器出口段横向第41排#4管壁温,30HAH30CT424
高温过热器出口段横向第41排#5管壁温,30HAH30CT425
高温过热器出口段横向第41排#6管壁温,30HAH30CT426
高温过热器出口段横向第41排#7管壁温,30HAH30CT427
高温过热器出口段横向第41排#8管壁温,30HAH30CT428
高温过热器出口段横向第42排#1管壁温,30HAH30CT429
高温过热器出口段横向第42排#2管壁温,30HAH30CT430
高温过热器出口段横向第42排#3管壁温,30HAH30CT431
高温过热器出口段横向第42排#4管壁温,30HAH30CT432
高温过热器出口段横向第42排#5管壁温,30HAH30CT433
高温过热器出口段横向第42排#6管壁温,30HAH30CT434
高温过热器出口段横向第42排#7管壁温,30HAH30CT435
高温过热器出口段横向第42排#8管壁温,30HAH30CT436
高温过热器出口段横向第43排#1管壁温,30HAH30CT437
高温过热器出口段横向第43排#2管壁温,30HAH30CT438
高温过热器出口段横向第43排#3管壁温,30HAH30CT439
高温过热器出口段横向第43排#4管壁温,30HAH30CT440
高温过热器出口段横向第43排#5管壁温,30HAH30CT441
高温过热器出口段横向第43排#6管壁温,30HAH30CT442
高温过热器出口段横向第43排#7管壁温,30HAH30CT443
高温过热器出口段横向第43排#8管壁温,30HAH30CT444
高温过热器出口段横向第44排#1管壁温,30HAH30CT445
高温过热器出口段横向第44排#2管壁温,30HAH30CT446
高温过热器出口段横向第44排#3管壁温,30HAH30CT447
高温过热器出口段横向第44排#4管壁温,30HAH30CT448
高温过热器出口段横向第44排#5管壁温,30HAH30CT449
高温过热器出口段横向第44排#6管壁温,30HAH30CT450
高温过热器出口段横向第44排#7管壁温,30HAH30CT451
高温过热器出口段横向第44排#8管壁温,30HAH30CT452
高温过热器出口段横向第45排#1管壁温,30HAH30CT453
左侧墙垂直管#1管出口壁温,30HAD12CT101
左侧墙垂直管#5管出口壁温,30HAD12CT102
左侧墙垂直管#9管出口壁温,30HAD12CT103
左侧墙垂直管#13管出口壁温,30HAD12CT104
左侧墙垂直管#17管出口壁温,30HAD12CT105
左侧墙垂直管#21管出口壁温,30HAD12CT106
左侧墙垂直管#25管出口壁温,30HAD12CT107
左侧墙垂直管#29管出口壁温,30HAD12CT108
左侧墙垂直管#33管出口壁温,30HAD12CT109
左侧墙垂直管#37管出口壁温,30HAD12CT110
左侧墙垂直管#41管出口壁温,30HAD12CT111
左侧墙垂直管#45管出口壁温,30HAD12CT112
左侧墙垂直管#49管出口壁温,30HAD12CT113
左侧墙垂直管#53管出口壁温,30HAD12CT114
左侧墙垂直管#57管出口壁温,30HAD12CT115
左侧墙垂直管#61管出口壁温,30HAD12CT116
左侧墙垂直管#65管出口壁温,30HAD12CT117
左侧墙垂直管#69管出口壁温,30HAD12CT118
左侧墙垂直管#73管出口壁温,30HAD12CT119
左侧墙垂直管#77管出口壁温,30HAD12CT120
左侧墙垂直管#81管出口壁温,30HAD12CT121
左侧墙垂直管#85管出口壁温,30HAD12CT122
左侧墙垂直管#89管出口壁温,30HAD12CT123
左侧墙垂直管#93管出口壁温,30HAD12CT124
左侧墙垂直管#97管出口壁温,30HAD12CT125
左侧墙垂直管#101管出口壁温,30HAD12CT126
左侧墙垂直管#105管出口壁温,30HAD12CT127
左侧墙垂直管#109管出口壁温,30HAD12CT128
左侧墙垂直管#113管出口壁温,30HAD12CT129
左侧墙垂直管#117管出口壁温,30HAD12CT130
左侧墙垂直管#121管出口壁温,30HAD12CT131
左侧墙垂直管#125管出口壁温,30HAD12CT132
左侧墙垂直管#129管出口壁温,30HAD12CT133
左侧墙垂直管#133管出口壁温,30HAD12CT134
左侧墙垂直管#137管出口壁温,30HAD12CT135
左侧墙垂直管#141管出口壁温,30HAD12CT136
左侧墙垂直管#145管出口壁温,30HAD12CT137
左侧墙垂直管#149管出口壁温,30HAD12CT138
左侧墙垂直管#153管出口壁温,30HAD12CT139
左侧墙垂直管#157管出口壁温,30HAD12CT140
左侧墙垂直管#161管出口壁温,30HAD12CT141
左侧墙垂直管#165管出口壁温,30HAD12CT142
前墙垂直管#1管出口壁温,30HAD22CT101
前墙垂直管#5管出口壁温,30HAD22CT102
前墙垂直管#9管出口壁温,30HAD22CT103
前墙垂直管#13管出口壁温,30HAD22CT104
前墙垂直管#17管出口壁温,30HAD22CT105
前墙垂直管#21管出口壁温,30HAD22CT106
前墙垂直管#25管出口壁温,30HAD22CT107
前墙垂直管#29管出口壁温,30HAD22CT108
前墙垂直管#33管出口壁温,30HAD22CT109
前墙垂直管#37管出口壁温,30HAD22CT110
前墙垂直管#41管出口壁温,30HAD22CT111
前墙垂直管#45管出口壁温,30HAD22CT112
前墙垂直管#49管出口壁温,30HAD22CT113
前墙垂直管#53管出口壁温,30HAD22CT114
前墙垂直管#57管出口壁温,30HAD22CT115
前墙垂直管#61管出口壁温,30HAD22CT116
前墙垂直管#65管出口壁温,30HAD22CT117
前墙垂直管#69管出口壁温,30HAD22CT118
前墙垂直管#73管出口壁温,30HAD22CT119
前墙垂直管#77管出口壁温,30HAD22CT120
前墙垂直管#81管出口壁温,30HAD22CT121
前墙垂直管#85管出口壁温,30HAD22CT122
前墙垂直管#89管出口壁温,30HAD22CT123
前墙垂直管#93管出口壁温,30HAD22CT124
前墙垂直管#97管出口壁温,30HAD22CT125
前墙垂直管#101管出口壁温,30HAD22CT126
前墙垂直管#105管出口壁温,30HAD22CT127
前墙垂直管#109管出口壁温,30HAD22CT128
前墙垂直管#113管出口壁温,30HAD22CT129
前墙垂直管#117管出口壁温,30HAD22CT130
前墙垂直管#121管出口壁温,30HAD22CT131
前墙垂直管#125管出口壁温,30HAD22CT132
前墙垂直管#129管出口壁温,30HAD22CT133
前墙垂直管#133管出口壁温,30HAD22CT134
前墙垂直管#137管出口壁温,30HAD22CT135
前墙垂直管#141管出口壁温,30HAD22CT136
前墙垂直管#145管出口壁温,30HAD22CT137
前墙垂直管#149管出口壁温,30HAD22CT138
前墙垂直管#153管出口壁温,30HAD22CT139
前墙垂直管#157管出口壁温,30HAD22CT140
前墙垂直管#161管出口壁温,30HAD22CT141
前墙垂直管#165管出口壁温,30HAD22CT142
右侧墙垂直管#1管出口壁温,30HAD32CT101
右侧墙垂直管#5管出口壁温,30HAD32CT102
右侧墙垂直管#9管出口壁温,30HAD32CT103
右侧墙垂直管#13管出口壁温,30HAD32CT104
右侧墙垂直管#17管出口壁温,30HAD32CT105
右侧墙垂直管#21管出口壁温,30HAD32CT106
右侧墙垂直管#25管出口壁温,30HAD32CT107
右侧墙垂直管#29管出口壁温,30HAD32CT108
右侧墙垂直管#33管出口壁温,30HAD32CT109
右侧墙垂直管#37管出口壁温,30HAD32CT110
右侧墙垂直管#41管出口壁温,30HAD32CT111
右侧墙垂直管#45管出口壁温,30HAD32CT112
右侧墙垂直管#49管出口壁温,30HAD32CT113
右侧墙垂直管#53管出口壁温,30HAD32CT114
右侧墙垂直管#57管出口壁温,30HAD32CT115
右侧墙垂直管#61管出口壁温,30HAD32CT116
右侧墙垂直管#65管出口壁温,30HAD32CT117
右侧墙垂直管#69管出口壁温,30HAD32CT118
右侧墙垂直管#73管出口壁温,30HAD32CT119
右侧墙垂直管#77管出口壁温,30HAD32CT120
右侧墙垂直管#81管出口壁温,30HAD32CT121
右侧墙垂直管#85管出口壁温,30HAD32CT122
右侧墙垂直管#89管出口壁温,30HAD32CT123
右侧墙垂直管#93管出口壁温,30HAD32CT124
右侧墙垂直管#97管出口壁温,30HAD32CT125
右侧墙垂直管#101管出口壁温,30HAD32CT126
右侧墙垂直管#105管出口壁温,30HAD32CT127
右侧墙垂直管#109管出口壁温,30HAD32CT128
右侧墙垂直管#113管出口壁温,30HAD32CT129
右侧墙垂直管#117管出口壁温,30HAD32CT130
右侧墙垂直管#121管出口壁温,30HAD32CT131
右侧墙垂直管#125管出口壁温,30HAD32CT132
右侧墙垂直管#129管出口壁温,30HAD32CT133
右侧墙垂直管#133管出口壁温,30HAD32CT134
右侧墙垂直管#137管出口壁温,30HAD32CT135
右侧墙垂直管#141管出口壁温,30HAD32CT136
右侧墙垂直管#145管出口壁温,30HAD32CT137
右侧墙垂直管#149管出口壁温,30HAD32CT138
右侧墙垂直管#153管出口壁温,30HAD32CT139
右侧墙垂直管#157管出口壁温,30HAD32CT140
右侧墙垂直管#161管出口壁温,30HAD32CT141
右侧墙垂直管#165管出口壁温,30HAD32CT142
后墙垂直管#1管出口壁温,30HAD42CT101
后墙垂直管#5管出口壁温,30HAD42CT102
后墙垂直管#9管出口壁温,30HAD42CT103
后墙垂直管#13管出口壁温,30HAD42CT104
后墙垂直管#17管出口壁温,30HAD42CT105
后墙垂直管#21管出口壁温,30HAD42CT106
后墙垂直管#25管出口壁温,30HAD42CT107
后墙垂直管#29管出口壁温,30HAD42CT108
后墙垂直管#33管出口壁温,30HAD42CT109
后墙垂直管#37管出口壁温,30HAD42CT110
后墙垂直管#41管出口壁温,30HAD42CT111
后墙垂直管#45管出口壁温,30HAD42CT112
后墙垂直管#49管出口壁温,30HAD42CT113
后墙垂直管#53管出口壁温,30HAD42CT114
后墙垂直管#57管出口壁温,30HAD42CT115
后墙垂直管#61管出口壁温,30HAD42CT116
后墙垂直管#65管出口壁温,30HAD42CT117
后墙垂直管#69管出口壁温,30HAD42CT118
后墙垂直管#73管出口壁温,30HAD42CT119
后墙垂直管#77管出口壁温,30HAD42CT120
后墙垂直管#81管出口壁温,30HAD42CT121
后墙垂直管#85管出口壁温,30HAD42CT122
后墙垂直管#89管出口壁温,30HAD42CT123
后墙垂直管#93管出口壁温,30HAD42CT124
后墙垂直管#97管出口壁温,30HAD42CT125
后墙垂直管#101管出口壁温,30HAD42CT126
后墙垂直管#105管出口壁温,30HAD42CT127
后墙垂直管#109管出口壁温,30HAD42CT128
后墙垂直管#113管出口壁温,30HAD42CT129
后墙垂直管#117管出口壁温,30HAD42CT130
后墙垂直管#121管出口壁温,30HAD42CT131
后墙垂直管#125管出口壁温,30HAD42CT132
后墙垂直管#129管出口壁温,30HAD42CT133
后墙垂直管#133管出口壁温,30HAD42CT134
后墙垂直管#137管出口壁温,30HAD42CT135
后墙垂直管#141管出口壁温,30HAD42CT136
后墙垂直管#145管出口壁温,30HAD42CT137
后墙垂直管#149管出口壁温,30HAD42CT138
后墙垂直管#153管出口壁温,30HAD42CT139
后墙垂直管#161管出口壁温,30HAD42CT141
后墙垂直管#165管出口壁温,30HAD42CT142
左侧墙螺旋管#1管出口壁温,30HAD10CT101
左侧墙螺旋管#5管出口壁温,30HAD10CT102
左侧墙螺旋管#9管出口壁温,30HAD10CT103
左侧墙螺旋管#13管出口壁温,30HAD10CT104
左侧墙螺旋管#17管出口壁温,30HAD10CT105
左侧墙螺旋管#21管出口壁温,30HAD10CT106
左侧墙螺旋管#25管出口壁温,30HAD10CT107
左侧墙螺旋管#29管出口壁温,30HAD10CT108
左侧墙螺旋管#33管出口壁温,30HAD10CT109
左侧墙螺旋管#37管出口壁温,30HAD10CT110
左侧墙螺旋管#41管出口壁温,30HAD10CT111
左侧墙螺旋管#45管出口壁温,30HAD10CT112
左侧墙螺旋管#49管出口壁温,30HAD10CT113
左侧墙螺旋管#53管出口壁温,30HAD10CT114
左侧墙螺旋管#57管出口壁温,30HAD10CT115
左侧墙螺旋管#61管出口壁温,30HAD10CT116
左侧墙螺旋管#65管出口壁温,30HAD10CT117
左侧墙螺旋管#69管出口壁温,30HAD10CT118
左侧墙螺旋管#73管出口壁温,30HAD10CT119
左侧墙螺旋管#77管出口壁温,30HAD10CT120
左侧墙螺旋管#81管出口壁温,30HAD10CT121
左侧墙螺旋管#85管出口壁温,30HAD10CT122
左侧墙螺旋管#89管出口壁温,30HAD10CT123
左侧墙螺旋管#93管出口壁温,30HAD10CT124
左侧墙螺旋管#97管出口壁温,30HAD10CT125
左侧墙螺旋管#101管出口壁温,30HAD10CT126
左侧墙螺旋管#105管出口壁温,30HAD10CT127
左侧墙螺旋管#109管出口壁温,30HAD10CT128
左侧墙螺旋管#113管出口壁温,30HAD10CT129
左侧墙螺旋管#117管出口壁温,30HAD10CT130
左侧墙螺旋管#121管出口壁温,30HAD10CT131
左侧墙螺旋管#125管出口壁温,30HAD10CT132
后墙垂直管#157管出口壁温,30HAD42CT140
左侧墙螺旋管#133管出口壁温,30HAD10CT134
左侧墙螺旋管#137管出口壁温,30HAD10CT135
左侧墙螺旋管#141管出口壁温,30HAD10CT136
左侧墙螺旋管#145管出口壁温,30HAD10CT137
左侧墙螺旋管#149管出口壁温,30HAD10CT138
左侧墙螺旋管#153管出口壁温,30HAD10CT139
左侧墙螺旋管#157管出口壁温,30HAD10CT140
左侧墙螺旋管#161管出口壁温,30HAD10CT141
左侧墙螺旋管#165管出口壁温,30HAD10CT142
左侧墙螺旋管#129管出口壁温,30HAD10CT133
前墙螺旋管#1管出口壁温,30HAD20CT101
前墙螺旋管#5管出口壁温,30HAD20CT102
前墙螺旋管#9管出口壁温,30HAD20CT103
前墙螺旋管#13管出口壁温,30HAD20CT104
前墙螺旋管#17管出口壁温,30HAD20CT105
前墙螺旋管#21管出口壁温,30HAD20CT106
前墙螺旋管#25管出口壁温,30HAD20CT107
前墙螺旋管#29管出口壁温,30HAD20CT108
前墙螺旋管#33管出口壁温,30HAD20CT109
前墙螺旋管#37管出口壁温,30HAD20CT110
前墙螺旋管#41管出口壁温,30HAD20CT111
前墙螺旋管#45管出口壁温,30HAD20CT112
前墙螺旋管#49管出口壁温,30HAD20CT113
前墙螺旋管#53管出口壁温,30HAD20CT114
前墙螺旋管#57管出口壁温,30HAD20CT115
前墙螺旋管#61管出口壁温,30HAD20CT116
前墙螺旋管#65管出口壁温,30HAD20CT117
前墙螺旋管#69管出口壁温,30HAD20CT118
前墙螺旋管#73管出口壁温,30HAD20CT119
前墙螺旋管#77管出口壁温,30HAD20CT120
前墙螺旋管#81管出口壁温,30HAD20CT121
前墙螺旋管#85管出口壁温,30HAD20CT122
前墙螺旋管#89管出口壁温,30HAD20CT123
前墙螺旋管#93管出口壁温,30HAD20CT124
前墙螺旋管#97管出口壁温,30HAD20CT125
前墙螺旋管#101管出口壁温,30HAD20CT126
前墙螺旋管#105管出口壁温,30HAD20CT127
前墙螺旋管#109管出口壁温,30HAD20CT128
前墙螺旋管#113管出口壁温,30HAD20CT129
前墙螺旋管#117管出口壁温,30HAD20CT130
前墙螺旋管#121管出口壁温,30HAD20CT131
前墙螺旋管#125管出口壁温,30HAD20CT132
前墙螺旋管#129管出口壁温,30HAD20CT133
前墙螺旋管#133管出口壁温,30HAD20CT134
前墙螺旋管#137管出口壁温,30HAD20CT135
前墙螺旋管#141管出口壁温,30HAD20CT136
前墙螺旋管#145管出口壁温,30HAD20CT137
前墙螺旋管#149管出口壁温,30HAD20CT138
前墙螺旋管#153管出口壁温,30HAD20CT139
前墙螺旋管#157管出口壁温,30HAD20CT140
前墙螺旋管#161管出口壁温,30HAD20CT141
前墙螺旋管#165管出口壁温,30HAD20CT142
右侧墙螺旋管#1管出口壁温,30HAD30CT101
右侧墙螺旋管#5管出口壁温,30HAD30CT102
右侧墙螺旋管#9管出口壁温,30HAD30CT103
右侧墙螺旋管#13管出口壁温,30HAD30CT104
右侧墙螺旋管#17管出口壁温,30HAD30CT105
右侧墙螺旋管#21管出口壁温,30HAD30CT106
右侧墙螺旋管#25管出口壁温,30HAD30CT107
右侧墙螺旋管#29管出口壁温,30HAD30CT108
右侧墙螺旋管#33管出口壁温,30HAD30CT109
右侧墙螺旋管#37管出口壁温,30HAD30CT110
右侧墙螺旋管#41管出口壁温,30HAD30CT111
右侧墙螺旋管#45管出口壁温,30HAD30CT112
右侧墙螺旋管#49管出口壁温,30HAD30CT113
右侧墙螺旋管#53管出口壁温,30HAD30CT114
右侧墙螺旋管#57管出口壁温,30HAD30CT115
右侧墙螺旋管#61管出口壁温,30HAD30CT116
右侧墙螺旋管#65管出口壁温,30HAD30CT117
右侧墙螺旋管#69管出口壁温,30HAD30CT118
右侧墙螺旋管#73管出口壁温,30HAD30CT119
右侧墙螺旋管#77管出口壁温,30HAD30CT120
右侧墙螺旋管#81管出口壁温,30HAD30CT121
右侧墙螺旋管#85管出口壁温,30HAD30CT122
右侧墙螺旋管#89管出口壁温,30HAD30CT123
右侧墙螺旋管#93管出口壁温,30HAD30CT124
右侧墙螺旋管#97管出口壁温,30HAD30CT125
右侧墙螺旋管#101管出口壁温,30HAD30CT126
右侧墙螺旋管#105管出口壁温,30HAD30CT127
右侧墙螺旋管#109管出口壁温,30HAD30CT128
右侧墙螺旋管#113管出口壁温,30HAD30CT129
右侧墙螺旋管#117管出口壁温,30HAD30CT130
右侧墙螺旋管#121管出口壁温,30HAD30CT131
右侧墙螺旋管#125管出口壁温,30HAD30CT132
右侧墙螺旋管#129管出口壁温,30HAD30CT133
右侧墙螺旋管#133管出口壁温,30HAD30CT134
右侧墙螺旋管#137管出口壁温,30HAD30CT135
右侧墙螺旋管#141管出口壁温,30HAD30CT136
右侧墙螺旋管#145管出口壁温,30HAD30CT137
右侧墙螺旋管#149管出口壁温,30HAD30CT138
右侧墙螺旋管#153管出口壁温,30HAD30CT139
右侧墙螺旋管#157管出口壁温,30HAD30CT140
右侧墙螺旋管#161管出口壁温,30HAD30CT141
右侧墙螺旋管#165管出口壁温,30HAD30CT142
后墙螺旋管#1管出口壁温,30HAD40CT101
后墙螺旋管#5管出口壁温,30HAD40CT102
后墙螺旋管#9管出口壁温,30HAD40CT103
后墙螺旋管#13管出口壁温,30HAD40CT104
后墙螺旋管#17管出口壁温,30HAD40CT105
后墙螺旋管#21管出口壁温,30HAD40CT106
后墙螺旋管#25管出口壁温,30HAD40CT107
后墙螺旋管#29管出口壁温,30HAD40CT108
后墙螺旋管#33管出口壁温,30HAD40CT109
后墙螺旋管#37管出口壁温,30HAD40CT110
后墙螺旋管#41管出口壁温,30HAD40CT111
后墙螺旋管#45管出口壁温,30HAD40CT112
后墙螺旋管#49管出口壁温,30HAD40CT113
后墙螺旋管#53管出口壁温,30HAD40CT114
后墙螺旋管#57管出口壁温,30HAD40CT115
后墙螺旋管#61管出口壁温,30HAD40CT116
后墙螺旋管#65管出口壁温,30HAD40CT117
后墙螺旋管#69管出口壁温,30HAD40CT118
后墙螺旋管#73管出口壁温,30HAD40CT119
后墙螺旋管#77管出口壁温,30HAD40CT120
后墙螺旋管#81管出口壁温,30HAD40CT121
后墙螺旋管#85管出口壁温,30HAD40CT122
后墙螺旋管#89管出口壁温,30HAD40CT123
后墙螺旋管#93管出口壁温,30HAD40CT124
后墙螺旋管#97管出口壁温,30HAD40CT125
后墙螺旋管#101管出口壁温,30HAD40CT126
后墙螺旋管#105管出口壁温,30HAD40CT127
后墙螺旋管#109管出口壁温,30HAD40CT128
后墙螺旋管#113管出口壁温,30HAD40CT129
后墙螺旋管#117管出口壁温,30HAD40CT130
后墙螺旋管#121管出口壁温,30HAD40CT131
后墙螺旋管#125管出口壁温,30HAD40CT132
后墙螺旋管#129管出口壁温,30HAD40CT133
后墙螺旋管#133管出口壁温,30HAD40CT134
后墙螺旋管#137管出口壁温,30HAD40CT135
后墙螺旋管#141管出口壁温,30HAD40CT136
后墙螺旋管#145管出口壁温,30HAD40CT137
后墙螺旋管#149管出口壁温,30HAD40CT138
后墙螺旋管#153管出口壁温,30HAD40CT139
后墙螺旋管#157管出口壁温,30HAD40CT140
后墙螺旋管#161管出口壁温,30HAD40CT141
后墙螺旋管#165管出口壁温,30HAD40CT142
,
,
,
,
,
,
,
,
,
,
,
,
,
,
,
,
,
,
,
,
,
,
,
,
,
,
,
,
,
,
,
,
,
,
,
,
,
,
,
,
,
,
,
,
,
,
,
,
,
,
,
,
,
,
,
,
,
,
,
,
,
,
,
,
,
,
,
,
,
,
,
,
,
,
,
,
,
,
,
,
,
,
,
,
,
,
,
,
,
,
,
,
,
,
,
,
,
,
,
,
,
,
,
,
,
,
,
,
,
,
,
,
,
,
,
,
,
,
,
,
,
,
,
,
,
,
,
,
,
,
,
,
,
,
,
,
,
,
,
,
,
,
,
,
,
,
,
,
,
,
,
,
,
,
,
,
,
,
,
,
,
,
,
,
,
,
,
,
,
,
,
,
,
,
,
,
,
,
,
,
,
,
,
,
,
,
,
,
,
,
,
,
,
,
,
,
,
,
,
,
,
,
,
,
,
,
,
,
,
,
,
,
,
,
,
,
,
,
,
,
,
,
,
,
,
,
,
,
,
,
,
,
,
,
,
,
,
,
,
,
,
,
,
,
,
,
,
,
,
,
,
,
,
,
,
,
,
,
,
,
,
,
,
,
,
,
,
,
,
,
,
,
,
,
,
,
,
,
,
,
,
,
,
,
,
,
,
,
,
,
,
,
,
,
,
,
,
,
,
,
,
,
,
,
,
,
,
,
,
,
,
,
,
,
,
,
,
,
,
,
,
,
,
,
,
,
,
,
,
,
,
,
,
,
,
,
,
,
,
,
,
,
,
,
,
,
,
,
,
,
,
,
,
,
,
,
,
,
,
,
,
,
,
,
,
,
,
,
,
,
,
,
,
,
,
,
,
,
,
,
,
,
,
,
,
,
,
,
,
,
,
,
,
,
,
,
,
,
,
,
,
,
,
,
,
,
,
,
,
,
,
,
,
,
,
,
,
,
,
,
,
,
,
,
,
,
,
,
,
,
,
,
,
,
,
,
,
,
,
,
,
,
,
,
,
,
,
,
,
,
,
,
,
,
,
,
,
,
,
,
,
,
,
,
,
,
,
,
,
,
,
,
,
,
,
,
,
,
,
,
,
,
,
,
,
,
,
,
,
,
,
,
,
,
,
,
,
,
,
,
,
,
,
,
,
,
,
,
,
,
,
,
,
,
,
,
,
,
,
,
,
,
,
,
,
,
,
,
,
,
,
,
,
,
,
,
,
,
,
,
,
,
,
,
,
,
,
,
,
,
,
,
,
,
,
,
,
,
,
,
,
,
,
,
,
,
,
,
,
,
,
,
,
,
,
,
,
,
,
,
,
,
,
,
,
,
,
,
,
,
,
,
,
,
,
,
,
,
,
,
,
,
,
,
,
,
,
,
,
,
,
,
,
,
,
,
,
,
,
,
,
,
,
,
,
,
,
,
,
,
,
,
,
,
,
,
,
,
,
,
,
,
,
,
,
,
,
,
,
,
,
,
,
,
,
,
,
,
,
,
,
,
,
,
,
,
,
,
,
,
,
,
,
,
,
,
,
,
,
,
,
,
,
,
,
,
,
,
,
,
,
,
,
,
,
,
,
,
,
,
,
,
,
,
,
,
,
,
,
,
,
,
,
,
,
,
,
,
,
,
,
,
,
,
,
,
,
,
,
,
,
,
,
,
,
,
,
,
,
,
,
,
,
,
,
,
,
,
,
,
,
,
,
,
,
,
,
,
,
,
,
,
,
,
,
,
,
,
,
,
,
,
,
,
,
,
,
,
,
,
,
,
,
,
,
,
,
,
,
,
,
,
,
,
,
,
,
,
,
,
,
,
,
,
,
,
,
,
,
,
,
,
,
,
,
,
,
,
,
,
,
,
,
,
,
,
,
,
,
,
,
,
,
,
,
,
,
,
,
,
,
,
,
,
,
,
,
,
,
,
,
,
,
,
,
,
,
,
,
,
,
,
,
,
,
,
,
,
,
,
,
,
,
,
,
,
,
,
,
,
,
,
,
,
,
,
,
,
,
,
,
,
,
,
,
,
,
,
,
,
,
,
,
,
,
,
,
,
,
,
,
,
,
,
,
,
,
,
,
,
,
,
,
,
,
,
,
,
,
,
,
,
,
,
,
,
,
,
,
,
,
,
,
,
,
,
,
,
,
,
,
,
,
,
,
,
,
,
,
,
,
,
,
,
,
,
,
,
,
,
,
,
,
,
,
,
,
,
,
,
,
,
,
,
,
,
,
,
,
,
,
,
,
,
,
,
,
,
,
,
,
,
,
,
,
,
,
,
,
,
,
,
,
,
,
,
,
,
,
,
,
,
,
,
,
,
,
,
,
,
,
,
,
,
,
,
,
,
,
,
,
,
,
,
,
,
,
,
,
,
,
,
,
,
,
,
,
,
,
,
,
,
,
,
,
,
,
,
,
,
,
,
,
,
,
,
,
,
,
,
,
,
,
,
,
,
,
,
,
,
,
,
,
,
,
,
,
,
,
,
,
,
,
,
,
,
,
,
,
,
,
,
,
,
,
,
,
,
,
,
,
,
,
,
,
,
,
,
,
,
,
,
,
,
,
,
,
,
,
,
,
,
,
,
,
,
,
,
,
,
,
,
,
,
,
,
,
,
,
,
,
,
,
,
,
,
,
,
,
,
,
,
,
,
,
,
,
,
,
,
,
,
,
,
,
,
,
,
,
,
,
,
,
,
,
,
,
,
,
,
,
,
,
,
,
,
,
,
,
,
,
,
,
,
,
,
,
,
,
,
,
,
,
,
,
,
,
,
,
,
,
,
,
,
,
,
,
,
,
,
,
,
,
,
,
,
,
,
,
,
,
,
,
,
,
,
,
,
,
,
,
,
,
,
,
,
,
,
,
,
,
,
,
,
,
,
,
,
,
,
,
,
,
,
,
,
,
,
,
,
,
,
,
,
,
,
,
,
,
,
,
,
,
,
,
,
,
,
,
,
,
,
,
,
,
,
,
,
,
,
,
,
,
,
,
,
,
,
,
,
,
,
,
,
,
,
,
,
,
,
,
,
,
,
,
,
,
,
,
,
,
,
,
,
,
,
,
,
,
,
,
,
,
,
,
,
,
,
,
,
,
,
,
,
,
,
,
,
,
,
,
,
,
,
,
,
,
,
,
,
,
,
,
,
,
,
,
,
,
,
,
,
,
,
,
,
,
,
,
,
,
,
,
,
,
,
,
,
,
,
,
,
,
,
,
,
,
,
,
,
,
,
,
,
,
,
,
,
,
,
,
,
,
,
,
,
,
,
,
,
,
,
,
,
,
,
,
,
,
,
,
,
,
,
,
,
,
,
,
,
,
,
,
,
,
,
,
,
,
,
,
,
,
,
,
,
,
,
,
,
,
,
,
,
,
,
,
,
,
,
,
,
,
,
,
,
,
,
,
,
,
,
,
,
,
,
,
,
,
,
,
,
,
,
,
,
,
,
,
,
,
,
,
,
,
,
,
,
,
,
,
,
,
,
,
,
,
,
,
,
,
,
,
,
,
,
,
,
,
,
,
,
,
,
,
,
,
,
,
,
,
,
,
,
,
,
,
,
,
,
,
,
,
,
,
,
,
,
,
,
,
,
,
,
,
,
,
,
,
,
,
,
,
,
,
,
,
,
,
,
,
,
,
,
,
,
,
,
,
,
,
,
,
,
,
,
,
,
,
,
,
,
,
,
,
,
,
,
,
,
,
,
,
,
,
,
,
,
,
,
,
,
,
,
,
,
,
,
,
,
,
,
,
,
,
,
,
,
,
,
,
,
,
,
,
,
,
,
,
,
,
,
,
,
,
,
,
,
,
,
,
,
,
,
,
,
,
,
,
,
,
,
,
,
,
,
,
,
,
,
,
,
,
,
,
,
,
,
,
,
,
,
,
,
,
,
,
,
,
,
,
,
,
,
,
,
,
,
,
,
,
,
,
,
,
,
,
,
,
,
,
,
,
,
,
,
,
,
,
,
,
,
,
,
,
,
,
,
,
,
,
,
,
,
,
,
,
,
,
,
,
,
,
,
,
,
,
,
,
,
,
,
,
,
,
,
,
,
,
,
,
,
,
,
,
,
,
,
,
,
,
,
,
,
,
,
,
,
,
,
,
,
,
,
,
,
,
,
,
,
,
,
,
,
,
,
,
,
,
,
,
,
,
,
,
,
,
,
,
,
,
,
,
,
,
,
,
,
,
,
,
,
,
,
,
,
,
,
,
,
,
,
,
,
,
,
,
,
,
,
,
,
,
,
,
,
,
,
,
,
,
,
,
,
,
,
,
,
,
,
,
,
,
,
,
,
,
,
,
,
,
,
,
,
,
,
,
,
,
,
,
,
,
,
,
,
,
,
,
,
,
,
,
,
,
,
,
,
,
,
,
,
,
,
,
,
,
,
,
,
,
,
,
,
,
,
,
,
,
,
,
,
,
,
,
,
,
,
,
,
,
,
,
,
,
,
,
,
,
,
,
,
,
,
,
,
,
,
,
,
,
,
,
,
,
,
,
,
,
,
,
,
,
,
,
,
,
,
,
,
,
,
,
,
,
,
,
,
,
,
,
,
,
,
,
,
,
,
,
,
,
,
,
,
,
,
,
,
,
,
,
,
,
,
,
,
,
,
,
,
,
,
,
,
,
,
,
,
,
,
,
,
,
,
,
,
,
,
,
,
,
,
,
,
,
,
,
,
,
,
,
,
,
,
,
,
,
,
,
,
,
,
,
,
,
,
,
,
,
,
,
,
,
,
,
,
,
,
,
,
,
,
,
,
,
,
,
,
,
,
,
,
,
,
,
,
,
,
,
,
,
,
,
,
,
,
,
,
,
,
,
,
,
,
,
,
,
,
,
,
,
,
,
,
,
,
,
,
,
,
,
,
,
,
,
,
,
,
,
,
,
,
,
,
,
,
,
,
,
,
,
,
,
,
,
,
,
,
,
,
,
,
,
,
,
,
,
,
,
,
,
,
,
,
,
,
,
,
,
,
,
,
,
,
,
,
,
,
,
,
,
,
,
,
,
,
,
,
,
,
,
,
,
,
,
,
,
,
,
,
,
,
,
,
,
,
,
,
,
,
,
,
,
,
,
,
,
,
,
,
,
,
,
,
,
,
,
,
,
,
,
,
,
,
,
,
,
,
,
,
,
,
,
,
,
,
,
,
,
,
,
,
,
,
,
,
,
,
,
,
,
,
,
,
,
,
,
,
,
,
,
,
,
,
,
,
,
,
,
,
,
,
,
,
,
,
,
,
,
,
,
,
,
,
,
,
,
,
,
,
,
,
,
,
,
,
,
,
,
,
,
,
,
,
,
,
,
,
,
,
,
,
,
,
,
,
,
,
,
,
,
,
,
,
,
,
,
,
,
,
,
,
,
,
,
,
,
,
,
,
,
,
,
,
,
,
,
,
,
,
,
,
,
,
,
,
,
,
,
,
,
,
,
,
,
,
,
,
,
,
,
,
,
,
,
,
,
,
,
,
,
,
,
,
,
,
,
,
,
,
,
,
,
,
,
,
,
,
,
,
,
,
,
,
,
,
,
,
,
,
,
,
,
,
,
,
,
,
,
,
,
,
,
,
,
,
,
,
,
,
,
,
,
,
,
,
,
,
,
,
,
,
,
,
,
,
,
,
,
,
,
,
,
,
,
,
,
,
,
,
,
,
,
,
,
,
,
,
,
,
,
,
,
,
,
,
,
,
,
,
,
,
,
,
,
,
,
,
,
,
,
,
,
,
,
,
,
,
,
,
,
,
,
,
,
,
,
,
,
,
,
,
,
,
,
,
,
,
,
,
,
,
,
,
,
,
,
,
,
,
,
,
,
,
,
,
,
,
,
,
,
,
,
,
,
,
,
,
,
,
,
,
,
,
,
,
,
,
,
,
,
,
,
,
,
,
,
,
,
,
,
,
,
,
,
,
,
,
,
,
,
,
,
,
,
,
,
,
,
,
,
,
,
,
,
,
,
,
,
,
,
,
,
,
,
,
,
,
,
,
,
,
,
,
,
,
,
,
,
,
,
,
,
,
,
,
,
,
,
,
,
,
,
,
,
,
,
,
,
,
,
,
,
,
,
,
,
,
,
,
,
,
,
,
,
,
,
,
,
,
,
,
,
,
,
,
,
,
,
,
,
,
,
,
,
,
,
,
,
,
,
,
,
,
,
,
,
,
,
,
,
,
,
,
,
,
,
,
,
,
,
,
,
,
,
,
,
,
,
,
,
,
,
,
,
,
,
,
,
,
,
,
,
,
,
,
,
,
,
,
,
,
,
,
,
,
,
,
,
,
,
,
,
,
,
,
,
,
,
,
,
,
,
,
,
,
,
,
,
,
,
,
,
,
,
,
,
,
,
,
,
,
,
,
,
,
,
,
,
,
,
,
,
,
,
,
,
,
,
,
,
,
,
,
,
,
,
,
,
,
,
,
,
,
,
,
,
,
,
,
,
,
,
,
,
,
,
,
,
,
,
,
,
,
,
,
,
,
,
,
,
,
,
,
,
,
,
,
,
,
,
,
,
,
,
,
,
,
,
,
,
,
,
,
,
,
,
,
,
,
,
,
,
,
,
,
,
,
,
,
,
,
,
,
,
,
,
,
,
,
,
,
,
,
,
,
,
,
,
,
,
,
,
,
,
,
,
,
,
,
,
,
,
,
,
,
,
,
,
,
,
,
,
,
,
,
,
,
,
,
,
,
,
,
,
,
,
,
,
,
,
,
,
,
,
,
,
,
,
,
,
,
,
,
,
,
,
,
,
,
,
,
,
,
,
,
,
,
,
,
,
,
,
,
,
,
,
,
,
,
,
,
,
,
,
,
,
,
,
,
,
,
,
,
,
,
,
,
,
,
,
,
,
,
,
,
,
,
,
,
,
,
,
,
,
,
,
,
,
,
,
,
,
,
,
,
,
,
,
,
,
,
,
,
,
,
,
,
,
,
,
,
,
,
,
,
,
,
,
,
,
,
,
,
,
,
,
,
,
,
,
,
,
,
,
,
,
,
,
,
,
,
,
,
,
,
,
,
,
,
,
,
,
,
,
,
,
,
,
,
,
,
,
,
,
,
,
,
,
,
,
,
,
,
,
,
,
,
,
,
,
,
,
,
,
,
,
,
,
,
,
,
,
,
,
,
,
,
,
,
,
,
,
,
,
,
,
,
,
,
,
,
,
,
,
,
,
,
,
,
,
,
,
,
,
,
,
,
,
,
,
,
,
,
,
,
,
,
,
,
,
,
,
,
,
,
,
,
,
,
,
,
,
,
,
,
,
,
,
,
,
,
,
,
,
,
,
,
,
,
,
,
,
,
,
,
,
,
,
,
,
,
,
,
,
,
,
,
,
,
,
,
,
,
,
,
,
,
,
,
,
,
,
,
,
,
,
,
,
,
,
,
,
,
,
,
,
,
,
,
,
,
,
,
,
,
,
,
,
,
,
,
,
,
,
,
,
,
,
,
,
,
,
,
,
,
,
,
,
,
,
,
,
,
,
,
,
,
,
,
,
,
,
,
,
,
,
,
,
,
,
,
,
,
,
,
,
,
,
,
,
,
,
,
,
,
,
,
,
,
,
,
,
,
,
,
,
,
,
,
,
,
,
,
,
,
,
,
,
,
,
,
,
,
,
,
,
,
,
,
,
,
,
,
,
,
,
,
,
,
,
,
,
,
,
,
,
,
,
,
,
,
,
,
,
,
,
,
,
,
,
,
,
,
,
,
,
,
,
,
,
,
,
,
,
,
,
,
,
,
,
,
,
,
,
,
,
,
,
,
,
,
,
,
,
,
,
,
,
,
,
,
,
,
,
,
,
,
,
,
,
,
,
,
,
,
,
,
,
,
,
,
,
,
,
,
,
,
,
,
,
,
,
,
,
,
,
,
,
,
,
,
,
,
,
,
,
,
,
,
,
,
,
,
,
,
,
,
,
,
,
,
,
,
,
,
,
,
,
,
,
,
,
,
,
,
,
,
,
,
,
,
,
,
,
,
,
,
,
,
,
,
,
,
,
,
,
,
,
,
,
,
,
,
,
,
,
,
,
,
,
,
,
,
,
,
,
,
,
,
,
,
,
,
,
,
,
,
,
,
,
,
,
,
,
,
,
,
,
,
,
,
,
,
,
,
,
,
,
,
,
,
,
,
,
,
,
,
,
,
,
,
,
,
,
,
,
,
,
,
,
,
,
,
,
,
,
,
,
,
,
,
,
,
,
,
,
,
,
,
,
,
,
,
,
,
,
,
,
,
,
,
,
,
,
,
,
,
,
,
,
,
,
,
,
,
,
,
,
,
,
,
,
,
,
,
,
,
,
,
,
,
,
,
,
,
,
,
,
,
,
,
,
,
,
,
,
,
,
,
,
,
,
,
,
,
,
,
,
,
,
,
,
,
,
,
,
,
,
,
,
,
,
,
,
,
,
,
,
,
,
,
,
,
,
,
,
,
,
,
,
,
,
,
,
,
,
,
,
,
,
,
,
,
,
,
,
,
,
,
,
,
,
,
,
,
,
,
,
,
,
,
,
,
,
,
,
,
,
,
,
,
,
,
,
,
,
,
,
,
,
,
,
,
,
,
,
,
,
,
,
,
,
,
,
,
,
,
,
,
,
,
,
,
,
,
,
,
,
,
,
,
,
,
,
,
,
,
,
,
,
,
,
,
,
,
,
,
,
,
,
,
,
,
,
,
,
,
,
,
,
,
,
,
,
,
,
,
,
,
,
,
,
,
,
,
,
,
,
,
,
,
,
,
,
,
,
,
,
,
,
,
,
,
,
,
,
,
,
,
,
,
,
,
,
,
,
,
,
,
,
,
,
,
,
,
,
,
,
,
,
,
,
,
,
,
,
,
,
,
,
,
,
,
,
,
,
,
,
,
,
,
,
,
,
,
,
,
,
,
,
,
,
,
,
,
,
,
,
,
,
,
,
,
,
,
,
,
,
,
,
,
,
,
,
,
,
,
,
,
,
,
,
,
,
,
,
,
,
,
,
,
,
,
,
,
,
,
,
,
,
,
,
,
,
,
,
,
,
,
,
,
,
,
,
,
,
,
,
,
,
,
,
,
,
,
,
,
,
,
,
,
,
,
,
,
,
,
,
,
,
,
,
,
,
,
,
,
,
,
,
,
,
,
,
,
,
,
,
,
,
,
,
,
,
,
,
,
,
,
,
,
,
,
,
,
,
,
,
,
,
,
,
,
,
,
,
,
,
,
,
,
,
,
,
,
,
,
,
,
,
,
,
,
,
,
,
,
,
,
,
,
,
,
,
,
,
,
,
,
,
,
,
,
,
,
,
,
,
,
,
,
,
,
,
,
,
,
,
,
,
,
,
,
,
,
,
,
,
,
,
,
,
,
,
,
,
,
,
,
,
,
,
,
,
,
,
,
,
,
,
,
,
,
,
,
,
,
,
,
,
,
,
,
,
,
,
,
,
,
,
,
,
,
,
,
,
,
,
,
,
,
,
,
,
,
,
,
,
,
,
,
,
,
,
,
,
,
,
,
,
,
,
,
,
,
,
,
,
,
,
,
,
,
,
,
,
,
,
,
,
,
,
,
,
,
,
,
,
,
,
,
,
,
,
,
,
,
,
,
,
,
,
,
,
,
,
,
,
,
,
,
,
,
,
,
,
,
,
,
,
,
,
,
,
,
,
,
,
,
,
,
,
,
,
,
,
,
,
,
,
,
,
,
,
,
,
,
,
,
,
,
,
,
,
,
,
,
,
,
,
,
,
,
,
,
,
,
,
,
,
,
,
,
,
,
,
,
,
,
,
,
,
,
,
,
,
,
,
,
,
,
,
,
,
,
,
,
,
,
,
,
,
,
,
,
,
,
,
,
,
,
,
,
,
,
,
,
,
,
,
,
,
,
,
,
,
,
,
,
,
,
,
,
,
,
,
,
,
,
,
,
,
,
,
,
,
,
,
,
,
,
,
,
,
,
,
,
,
,
,
,
,
,
,
,
,
,
,
,
,
,
,
,
,
,
,
,
,
,
,
,
,
,
,
,
,
,
,
,
,
,
,
,
,
,
,
,
,
,
,
,
,
,
,
,
,
,
,
,
,
,
,
,
,
,
,
,
,
,
,
,
,
,
,
,
,
,
,
,
,
,
,
,
,
,
,
,
,
,
,
,
,
,
,
,
,
,
,
,
,
,
,
,
,
,
,
,
,
,
,
,
,
,
,
,
,
,
,
,
,
,
,
,
,
,
,
,
,
,
,
,
,
,
,
,
,
,
,
,
,
,
,
,
,
,
,
,
,
,
,
,
,
,
,
,
,
,
,
,
,
,
,
,
,
,
,
,
,
,
,
,
,
,
,
,
,
,
,
,
,
,
,
,
,
,
,
,
,
,
,
,
,
,
,
,
,
,
,
,
,
,
,
,
,
,
,
,
,
,
,
,
,
,
,
,
,
,
,
,
,
,
,
,
,
,
,
,
,
,
,
,
,
,
,
,
,
,
,
,
,
,
,
,
,
,
,
,
,
,
,
,
,
,
,
,
,
,
,
,
,
,
,
,
,
,
,
,
,
,
,
,
,
,
,
,
,
,
,
,
,
,
,
,
,
,
,
,
,
,
,
,
,
,
,
,
,
,
,
,
,
,
,
,
,
,
,
,
,
,
,
,
,
,
,
,
,
,
,
,
,
,
,
,
,
,
,
,
,
,
,
,
,
,
,
,
,
,
,
,
,
,
,
,
,
,
,
,
,
,
,
,
,
,
,
,
,
,
,
,
,
,
,
,
,
,
,
,
,
,
,
,
,
,
,
,
,
,
,
,
,
,
,
,
,
,
,
,
,
,
,
,
,
,
,
,
,
,
,
,
,
,
,
,
,
,
,
,
,
,
,
,
,
,
,
,
,
,
,
,
,
,
,
,
,
,
,
,
,
,
,
,
,
,
,
,
,
,
,
,
,
,
,
,
,
,
,
,
,
,
,
,
,
,
,
,
,
,
,
,
,
,
,
,
,
,
,
,
,
,
,
,
,
,
,
,
,
,
,
,
,
,
,
,
,
,
,
,
,
,
,
,
,
,
,
,
,
,
,
,
,
,
,
,
,
,
,
,
,
,
,
,
,
,
,
,
,
,
,
,
,
,
,
,
,
,
,
,
,
,
,
,
,
,
,
,
,
,
,
,
,
,
,
,
,
,
,
,
,
,
,
,
,
,
,
,
,
,
,
,
,
,
,
,
,
,
,
,
,
,
,
,
,
,
,
,
,
,
,
,
,
,
,
,
,
,
,
,
,
,
,
,
,
,
,
,
,
,
,
,
,
,
,
,
,
,
,
,
,
,
,
,
,
,
,
,
,
,
,
,
,
,
,
,
,
,
,
,
,
,
,
,
,
,
,
,
,
,
,
,
,
,
,
,
,
,
,
,
,
,
,
,
,
,
,
,
,
,
,
,
,
,
,
,
,
,
,
,
,
,
,
,
,
,
,
,
,
,
,
,
,
,
,
,
,
,
,
,
,
,
,
,
,
,
,
,
,
,
,
,
,
,
,
,
,
,
,
,
,
,
,
,
,
,
,
,
,
,
,
,
,
,
,
,
,
,
,
,
,
,
,
,
,
,
,
,
,
,
,
,
,
,
,
,
,
,
,
,
,
,
,
,
,
,
,
,
,
,
,
,
,
,
,
,
,
,
,
,
,
,
,
,
,
,
,
,
,
,
,
,
,
,
,
,
,
,
,
,
,
,
,
,
,
,
,
,
,
,
,
,
,
,
,
,
,
,
,
,
,
,
,
,
,
,
,
,
,
,
,
,
,
,
,
,
,
,
,
,
,
,
,
,
,
,
,
,
,
,
,
,
,
,
,
,
,
,
,
,
,
,
,
,
,
,
,
,
,
,
,
,
,
,
,
,
,
,
,
,
,
,
,
,
,
,
,
,
,
,
,
,
,
,
,
,
,
,
,
,
,
,
,
,
,
,
,
,
,
,
,
,
,
,
,
,
,
,
,
,
,
,
,
,
,
,
,
,
,
,
,
,
,
,
,
,
,
,
,
,
,
,
,
,
,
,
,
,
,
,
,
,
,
,
,
,
,
,
,
,
,
,
,
,
,
,
,
,
,
,
,
,
,
,
,
,
,
,
,
,
,
,
,
,
,
,
,
,
,
,
,
,
,
,
,
,
,
,
,
,
,
,
,
,
,
,
,
,
,
,
,
,
,
,
,
,
,
,
,
,
,
,
,
,
,
,
,
,
,
,
,
,
,
,
,
,
,
,
,
,
,
,
,
,
,
,
,
,
,
,
,
,
,
,
,
,
,
,
,
,
,
,
,
,
,
,
,
,
,
,
,
,
,
,
,
,
,
,
,
,
,
,
,
,
,
,
,
,
,
,
,
,
,
,
,
,
,
,
,
,
,
,
,
,
,
,
,
,
,
,
,
,
,
,
,
,
,
,
,
,
,
,
,
,
,
,
,
,
,
,
,
,
,
,
,
,
,
,
,
,
,
,
,
,
,
,
,
,
,
,
,
,
,
,
,
,
,
,
,
,
,
,
,
,
,
,
,
,
,
,
,
,
,
,
,
,
,
,
,
,
,
,
,
,
,
,
,
,
,
,
,
,
,
,
,
,
,
,
,
,
,
,
,
,
,
,
,
,
,
,
,
,
,
,
,
,
,
,
,
,
,
,
,
,
,
,
,
,
,
,
,
,
,
,
,
,
,
,
,
,
,
,
,
,
,
,
,
,
,
,
,
,
,
,
,
,
,
,
,
,
,
,
,
,
,
,
,
,
,
,
,
,
,
,
,
,
,
,
,
,
,
,
,
,
,
,
,
,
,
,
,
,
,
,
,
,
,
,
,
,
,
,
,
,
,
,
,
,
,
,
,
,
,
,
,
,
,
,
,
,
,
,
,
,
,
,
,
,
,
,
,
,
,
,
,
,
,
,
,
,
,
,
,
,
,
,
,
,
,
,
,
,
,
,
,
,
,
,
,
,
,
,
,
,
,
,
,
,
,
,
,
,
,
,
,
,
,
,
,
,
,
,
,
,
,
,
,
,
,
,
,
,
,
,
,
,
,
,
,
,
,
,
,
,
,
,
,
,
,
,
,
,
,
,
,
,
,
,
,
,
,
,
,
,
,
,
,
,
,
,
,
,
,
,
,
,
,
,
,
,
,
,
,
,
,
,
,
,
,
,
,
,
,
,
,
,
,
,
,
,
,
,
,
,
,
,
,
,
,
,
,
,
,
,
,
,
,
,
,
,
,
,
,
,
,
,
,
,
,
,
,
,
,
,
,
,
,
,
,
,
,
,
,
,
,
,
,
,
,
,
,
,
,
,
,
,
,
,
,
,
,
,
,
,
,
,
,
,
,
,
,
,
,
,
,
,
,
,
,
,
,
,
,
,
,
,
,
,
,
,
,
,
,
,
,
,
,
,
,
,
,
,
,
,
,
,
,
,
,
,
,
,
,
,
,
,
,
,
,
,
,
,
,
,
,
,
,
,
,
,
,
,
,
,
,
,
,
,
,
,
,
,
,
,
,
,
,
,
,
,
,
,
,
,
,
,
,
,
,
,
,
,
,
,
,
,
,
,
,
,
,
,
,
,
,
,
,
,
,
,
,
,
,
,
,
,
,
,
,
,
,
,
,
,
,
,
,
,
,
,
,
,
,
,
,
,
,
,
,
,
,
,
,
,
,
,
,
,
,
,
,
,
,
,
,
,
,
,
,
,
,
,
,
,
,
,
,
,
,
,
,
,
,
,
,
,
,
,
,
,
,
,
,
,
,
,
,
,
,
,
,
,
,
,
,
,
,
,
,
,
,
,
,
,
,
,
,
,
,
,
,
,
,
,
,
,
,
,
,
,
,
,
,
,
,
,
,
,
,
,
,
,
,
,
,
,
,
,
,
,
,
,
,
,
,
,
,
,
,
,
,
,
,
,
,
,
,
,
,
,
,
,
,
,
,
,
,
,
,
,
,
,
,
,
,
,
,
,
,
,
,
,
,
,
,
,
,
,
,
,
,
,
,
,
,
,
,
,
,
,
,
,
,
,
,
,
,
,
,
,
,
,
,
,
,
,
,
,
,
,
,
,
,
,
,
,
,
,
,
,
,
,
,
,
,
,
,
,
,
,
,
,
,
,
,
,
,
,
,
,
,
,
,
,
,
,
,
,
,
,
,
,
,
,
,
,
,
,
,
,
,
,
,
,
,
,
,
,
,
,
,
,
,
,
,
,
,
,
,
,
,
,
,
,
,
,
,
,
,
,
,
,
,
,
,
,
,
,
,
,
,
,
,
,
,
,
,
,
,
,
,
,
,
,
,
,
,
,
,
,
,
,
,
,
,
,
,
,
,
,
,
,
,
,
,
,
,
,
,
,
,
,
,
,
,
,
,
,
,
,
,
,
,
,
,
,
,
,
,
,
,
,
,
,
,
,
,
,
,
,
,
,
,
,
,
,
,
,
,
,
,
,
,
,
,
,
,
,
,
,
,
,
,
,
,
,
,
,
,
,
,
,
,
,
,
,
,
,
,
,
,
,
,
,
,
,
,
,
,
,
,
,
,
,
,
,
,
,
,
,
,
,
,
,
,
,
,
,
,
,
,
,
,
,
,
,
,
,
,
,
,
,
,
,
,
,
,
,
,
,
,
,
,
,
,
,
,
,
,
,
,
,
,
,
,
,
,
,
,
,
,
,
,
,
,
,
,
,
,
,
,
,
,
,
,
,
,
,
,
,
,
,
,
,
,
,
,
,
,
,
,
,
,
,
,
,
,
,
,
,
,
,
,
,
,
,
,
,
,
,
,
,
,
,
,
,
,
,
,
,
,
,
,
,
,
,
,
,
,
,
,
,
,
,
,
,
,
,
,
,
,
,
,
,
,
,
,
,
,
,
,
,
,
,
,
,
,
,
,
,
,
,
,
,
,
,
,
,
,
,
,
,
,
,
,
,
,
,
,
,
,
,
,
,
,
,
,
,
,
,
,
,
,
,
,
,
,
,
,
,
,
,
,
,
,
,
,
,
,
,
,
,
,
,
,
,
,
,
,
,
,
,
,
,
,
,
,
,
,
,
,
,
,
,
,
,
,
,
,
,
,
,
,
,
,
,
,
,
,
,
,
,
,
,
,
,
,
,
,
,
,
,
,
,
,
,
,
,
,
,
,
,
,
,
,
,
,
,
,
,
,
,
,
,
,
,
,
,
,
,
,
,
,
,
,
,
,
,
,
,
,
,
,
,
,
,
,
,
,
,
,
,
,
,
,
,
,
,
,
,
,
,
,
,
,
,
,
,
,
,
,
,
,
,
,
,
,
,
,
,
,
,
,
,
,
,
,
,
,
,
,
,
,
,
,
,
,
,
,
,
,
,
,
,
,
,
,
,
,
,
,
,
,
,
,
,
,
,
,
,
,
,
,
,
,
,
,
,
,
,
,
,
,
,
,
,
,
,
,
,
,
,
,
,
,
,
,
,
,
,
,
,
,
,
,
,
,
,
,
,
,
,
,
,
,
,
,
,
,
,
,
,
,
,
,
,
,
,
,
,
,
,
,
,
,
,
,
,
,
,
,
,
,
,
,
,
,
,
,
,
,
,
,
,
,
,
,
,
,
,
,
,
,
,
,
,
,
,
,
,
,
,
,
,
,
,
,
,
,
,
,
,
,
,
,
,
,
,
,
,
,
,
,
,
,
,
,
,
,
,
,
,
,
,
,
,
,
,
,
,
,
,
,
,
,
,
,
,
,
,
,
,
,
,
,
,
,
,
,
,
,
,
,
,
,
,
,
,
,
,
,
,
,
,
,
,
,
,
,
,
,
,
,
,
,
,
,
,
,
,
,
,
,
,
,
,
,
,
,
,
,
,
,
,
,
,
,
,
,
,
,
,
,
,
,
,
,
,
,
,
,
,
,
,
,
,
,
,
,
,
,
,
,
,
,
,
,
,
,
,
,
,
,
,
,
,
,
,
,
,
,
,
,
,
,
,
,
,
,
,
,
,
,
,
,
,
,
,
,
,
,
,
,
,
,
,
,
,
,
,
,
,
,
,
,
,
,
,
,
,
,
,
,
,
,
,
,
,
,
,
,
,
,
,
,
,
,
,
,
,
,
,
,
,
,
,
,
,
,
,
,
,
,
,
,
,
,
,
,
,
,
,
,
,
,
,
,
,
,
,
,
,
,
,
,
,
,
,
,
,
,
,
,
,
,
,
,
,
,
,
,
,
,
,
,
,
,
,
,
,
,
,
,
,
,
,
,
,
,
,
,
,
,
,
,
,
,
,
,
,
,
,
,
,
,
,
,
,
,
,
,
,
,
,
,
,
,
,
,
,
,
,
,
,
,
,
,
,
,
,
,
,
,
,
,
,
,
,
,
,
,
,
,
,
,
,
,
,
,
,
,
,
,
,
,
,
,
,
,
,
,
,
,
,
,
,
,
,
,
,
,
,
,
,
,
,
,
,
,
,
,
,
,
,
,
,
,
,
,
,
,
,
,
,
,
,
,
,
,
,
,
,
,
,
,
,
,
,
,
,
,
,
,
,
,
,
,
,
,
,
,
,
,
,
,
,
,
,
,
,
,
,
,
,
,
,
,
,
,
,
,
,
,
,
,
,
,
,
,
,
,
,
,
,
,
,
,
,
,
,
,
,
,
,
,
,
,
,
,
,
,
,
,
,
,
,
,
,
,
,
,
,
,
,
,
,
,
,
,
,
,
,
,
,
,
,
,
,
,
,
,
,
,
,
,
,
,
,
,
,
,
,
,
,
,
,
,
,
,
,
,
,
,
,
,
,
,
,
,
,
,
,
,
,
,
,
,
,
,
,
,
,
,
,
,
,
,
,
,
,
,
,
,
,
,
,
,
,
,
,
,
,
,
,
,
,
,
,
,
,
,
,
,
,
,
,
,
,
,
,
,
,
,
,
,
,
,
,
,
,
,
,
,
,
,
,
,
,
,
,
,
,
,
,
,
,
,
,
,
,
,
,
,
,
,
,
,
,
,
,
,
,
,
,
,
,
,
,
,
,
,
,
,
,
,
,
,
,
,
,
,
,
,
,
,
,
,
,
,
,
,
,
,
,
,
,
,
,
,
,
,
,
,
,
,
,
,
,
,
,
,
,
,
,
,
,
,
,
,
,
,
,
,
,
,
,
,
,
,
,
,
,
,
,
,
,
,
,
,
,
,
,
,
,
,
,
,
,
,
,
,
,
,
,
,
,
,
,
,
,
,
,
,
,
,
,
,
,
,
,
,
,
,
,
,
,
,
,
,
,
,
,
,
,
,
,
,
,
,
,
,
,
,
,
,
,
,
,
,
,
,
,
,
,
,
,
,
,
,
,
,
,
,
,
,
,
,
,
,
,
,
,
,
,
,
,
,
,
,
,
,
,
,
,
,
,
,
,
,
,
,
,
,
,
,
,
,
,
,
,
,
,
,
,
,
,
,
,
,
,
,
,
,
,
,
,
,
,
,
,
,
,
,
,
,
,
,
,
,
,
,
,
,
,
,
,
,
,
,
,
,
,
,
,
,
,
,
,
,
,
,
,
,
,
,
,
,
,
,
,
,
,
,
,
,
,
,
,
,
,
,
,
,
,
,
,
,
,
,
,
,
,
,
,
,
,
,
,
,
,
,
,
,
,
,
,
,
,
,
,
,
,
,
,
,
,
,
,
,
,
,
,
,
,
,
,
,
,
,
,
,
,
,
,
,
,
,
,
,
,
,
,
,
,
,
,
,
,
,
,
,
,
,
,
,
,
,
,
,
,
,
,
,
,
,
,
,
,
,
,
,
,
,
,
,
,
,
,
,
,
,
,
,
,
,
,
,
,
,
,
,
,
,
,
,
,
,
,
,
,
,
,
,
,
,
,
,
,
,
,
,
,
,
,
,
,
,
,
,
,
,
,
,
,
,
,
,
,
,
,
,
,
,
,
,
,
,
,
,
,
,
,
,
,
,
,
,
,
,
,
,
,
,
,
,
,
,
,
,
,
,
,
,
,
,
,
,
,
,
,
,
,
,
,
,
,
,
,
,
,
,
,
,
,
,
,
,
,
,
,
,
,
,
,
,
,
,
,
,
,
,
,
,
,
,
,
,
,
,
,
,
,
,
,
,
,
,
,
,
,
,
,
,
,
,
,
,
,
,
,
,
,
,
,
,
,
,
,
,
,
,
,
,
,
,
,
,
,
,
,
,
,
,
,
,
,
,
,
,
,
,
,
,
,
,
,
,
,
,
,
,
,
,
,
,
,
,
,
,
,
,
,
,
,
,
,
,
,
,
,
,
,
,
,
,
,
,
,
,
,
,
,
,
,
,
,
,
,
,
,
,
,
,
,
,
,
,
,
,
,
,
,
,
,
,
,
,
,
,
,
,
,
,
,
,
,
,
,
,
,
,
,
,
,
,
,
,
,
,
,
,
,
,
,
,
,
,
,
,
,
,
,
,
,
,
,
,
,
,
,
,
,
,
,
,
,
,
,
,
,
,
,
,
,
,
,
,
,
,
,
,
,
,
,
,
,
,
,
,
,
,
,
,
,
,
,
,
,
,
,
,
,
,
,
,
,
,
,
,
,
,
,
,
,
,
,
,
,
,
,
,
,
,
,
,
,
,
,
,
,
,
,
,
,
,
,
,
,
,
,
,
,
,
,
,
,
,
,
,
,
,
,
,
,
,
,
,
,
,
,
,
,
,
,
,
,
,
,
,
,
,
,
,
,
,
,
,
,
,
,
,
,
,
,
,
,
,
,
,
,
,
,
,
,
,
,
,
,
,
,
,
,
,
,
,
,
,
,
,
,
,
,
,
,
,
,
,
,
,
,
,
,
,
,
,
,
,
,
,
,
,
,
,
,
,
,
,
,
,
,
,
,
,
,
,
,
,
,
,
,
,
,
,
,
,
,
,
,
,
,
,
,
,
,
,
,
,
,
,
,
,
,
,
,
,
,
,
,
,
,
,
,
,
,
,
,
,
,
,
,
,
,
,
,
,
,
,
,
,
,
,
,
,
,
,
,
,
,
,
,
,
,
,
,
,
,
,
,
,
,
,
,
,
,
,
,
,
,
,
,
,
,
,
,
,
,
,
,
,
,
,
,
,
,
,
,
,
,
,
,
,
,
,
,
,
,
,
,
,
,
,
,
,
,
,
,
,
,
,
,
,
,
,
,
,
,
,
,
,
,
,
,
,
,
,
,
,
,
,
,
,
,
,
,
,
,
,
,
,
,
,
,
,
,
,
,
,
,
,
,
,
,
,
,
,
,
,
,
,
,
,
,
,
,
,
,
,
,
,
,
,
,
,
,
,
,
,
,
,
,
,
,
,
,
,
,
,
,
,
,
,
,
,
,
,
,
,
,
,
,
,
,
,
,
,
,
,
,
,
,
,
,
,
,
,
,
,
,
,
,
,
,
,
,
,
,
,
,
,
,
,
,
,
,
,
,
,
,
,
,
,
,
,
,
,
,
,
,
,
,
,
,
,
,
,
,
,
,
,
,
,
,
,
,
,
,
,
,
,
,
,
,
,
,
,
,
,
,
,
,
,
,
,
,
,
,
,
,
,
,
,
,
,
,
,
,
,
,
,
,
,
,
,
,
,
,
,
,
,
,
,
,
,
,
,
,
,
,
,
,
,
,
,
,
,
,
,
,
,
,
,
,
,
,
,
,
,
,
,
,
,
,
,
,
,
,
,
,
,
,
,
,
,
,
,
,
,
,
,
,
,
,
,
,
,
,
,
,
,
,
,
,
,
,
,
,
,
,
,
,
,
,
,
,
,
,
,
,
,
,
,
,
,
,
,
,
,
,
,
,
,
,
,
,
,
,
,
,
,
,
,
,
,
,
,
,
,
,
,
,
,
,
,
,
,
,
,
,
,
,
,
,
,
,
,
,
,
,
,
,
,
,
,
,
,
,
,
,
,
,
,
,
,
,
,
,
,
,
,
,
,
,
,
,
,
,
,
,
,
,
,
,
,
,
,
,
,
,
,
,
,
,
,
,
,
,
,
,
,
,
,
,
,
,
,
,
,
,
,
,
,
,
,
,
,
,
,
,
,
,
,
,
,
,
,
,
,
,
,
,
,
,
,
,
,
,
,
,
,
,
,
,
,
,
,
,
,
,
,
,
,
,
,
,
,
,
,
,
,
,
,
,
,
,
,
,
,
,
,
,
,
,
,
,
,
,
,
,
,
,
,
,
,
,
,
,
,
,
,
,
,
,
,
,
,
,
,
,
,
,
,
,
,
,
,
,
,
,
,
,
,
,
,
,
,
,
,
,
,
,
,
,
,
,
,
,
,
,
,
,
,
,
,
,
,
,
,
,
,
,
,
,
,
,
,
,
,
,
,
,
,
,
,
,
,
,
,
,
,
,
,
,
,
,
,
,
,
,
,
,
,
,
,
,
,
,
,
,
,
,
,
,
,
,
,
,
,
,
,
,
,
,
,
,
,
,
,
,
,
,
,
,
,
,
,
,
,
,
,
,
,
,
,
,
,
,
,
,
,
,
,
,
,
,
,
,
,
,
,
,
,
,
,
,
,
,
,
,
,
,
,
,
,
,
,
,
,
,
,
,
,
,
,
,
,
,
,
,
,
,
,
,
,
,
,
,
,
,
,
,
,
,
,
,
,
,
,
,
,
,
,
,
,
,
,
,
,
,
,
,
,
,
,
,
,
,
,
,
,
,
,
,
,
,
,
,
,
,
,
,
,
,
,
,
,
,
,
,
,
,
,
,
,
,
,
,
,
,
,
,
,
,
,
,
,
,
,
,
,
,
,
,
,
,
,
,
,
,
,
,
,
,
,
,
,
,
,
,
,
,
,
,
,
,
,
,
,
,
,
,
,
,
,
,
,
,
,
,
,
,
,
,
,
,
,
,
,
,
,
,
,
,
,
,
,
,
,
,
,
,
,
,
,
,
,
,
,
,
,
,
,
,
,
,
,
,
,
,
,
,
,
,
,
,
,
,
,
,
,
,
,
,
,
,
,
,
,
,
,
,
,
,
,
,
,
,
,
,
,
,
,
,
,
,
,
,
,
,
,
,
,
,
,
,
,
,
,
,
,
,
,
,
,
,
,
,
,
,
,
,
,
,
,
,
,
,
,
,
,
,
,
,
,
,
,
,
,
,
,
,
,
,
,
,
,
,
,
,
,
,
,
,
,
,
,
,
,
,
,
,
,
,
,
,
,
,
,
,
,
,
,
,
,
,
,
,
,
,
,
,
,
,
,
,
,
,
,
,
,
,
,
,
,
,
,
,
,
,
,
,
,
,
,
,
,
,
,
,
,
,
,
,
,
,
,
,
,
,
,
,
,
,
,
,
,
,
,
,
,
,
,
,
,
,
,
,
,
,
,
,
,
,
,
,
,
,
,
,
,
,
,
,
,
,
,
,
,
,
,
,
,
,
,
,
,
,
,
,
,
,
,
,
,
,
,
,
,
,
,
,
,
,
,
,
,
,
,
,
,
,
,
,
,
,
,
,
,
,
,
,
,
,
,
,
,
,
,
,
,
,
,
,
,
,
,
,
,
,
,
,
,
,
,
,
,
,
,
,
,
,
,
,
,
,
,
,
,
,
,
,
,
,
,
,
,
,
,
,
,
,
,
,
,
,
,
,
,
,
,
,
,
,
,
,
,
,
,
,
,
,
,
,
,
,
,
,
,
,
,
,
,
,
,
,
,
,
,
,
,
,
,
,
,
,
,
,
,
,
,
,
,
,
,
,
,
,
,
,
,
,
,
,
,
,
,
,
,
,
,
,
,
,
,
,
,
,
,
,
,
,
,
,
,
,
,
,
,
,
,
,
,
,
,
,
,
,
,
,
,
,
,
,
,
,
,
,
,
,
,
,
,
,
,
,
,
,
,
,
,
,
,
,
,
,
,
,
,
,
,
,
,
,
,
,
,
,
,
,
,
,
,
,
,
,
,
,
,
,
,
,
,
,
,
,
,
,
,
,
,
,
,
,
,
,
,
,
,
,
,
,
,
,
,
,
,
,
,
,
,
,
,
,
,
,
,
,
,
,
,
,
,
,
,
,
,
,
,
,
,
,
,
,
,
,
,
,
,
,
,
,
,
,
,
,
,
,
,
,
,
,
,
,
,
,
,
,
,
,
,
,
,
,
,
,
,
,
,
,
,
,
,
,
,
,
,
,
,
,
,
,
,
,
,
,
,
,
,
,
,
,
,
,
,
,
,
,
,
,
,
,
,
,
,
,
,
,
,
,
,
,
,
,
,
,
,
,
,
,
,
,
,
,
,
,
,
,
,
,
,
,
,
,
,
,
,
,
,
,
,
,
,
,
,
,
,
,
,
,
,
,
,
,
,
,
,
,
,
,
,
,
,
,
,
,
,
,
,
,
,
,
,
,
,
,
,
,
,
,
,
,
,
,
,
,
,
,
,
,
,
,
,
,
,
,
,
,
,
,
,
,
,
,
,
,
,
,
,
,
,
,
,
,
,
,
,
,
,
,
,
,
,
,
,
,
,
,
,
,
,
,
,
,
,
,
,
,
,
,
,
,
,
,
,
,
,
,
,
,
,
,
,
,
,
,
,
,
,
,
,
,
,
,
,
,
,
,
,
,
,
,
,
,
,
,
,
,
,
,
,
,
,
,
,
,
,
,
,
,
,
,
,
,
,
,
,
,
,
,
,
,
,
,
,
,
,
,
,
,
,
,
,
,
,
,
,
,
,
,
,
,
,
,
,
,
,
,
,
,
,
,
,
,
,
,
,
,
,
,
,
,
,
,
,
,
,
,
,
,
,
,
,
,
,
,
,
,
,
,
,
,
,
,
,
,
,
,
,
,
,
,
,
,
,
,
,
,
,
,
,
,
,
,
,
,
,
,
,
,
,
,
,
,
,
,
,
,
,
,
,
,
,
,
,
,
,
,
,
,
,
,
,
,
,
,
,
,
,
,
,
,
,
,
,
,
,
,
,
,
,
,
,
,
,
,
,
,
,
,
,
,
,
,
,
,
,
,
,
,
,
,
,
,
,
,
,
,
,
,
,
,
,
,
,
,
,
,
,
,
,
,
,
,
,
,
,
,
,
,
,
,
,
,
,
,
,
,
,
,
,
,
,
,
,
,
,
,
,
,
,
,
,
,
,
,
,
,
,
,
,
,
,
,
,
,
,
,
,
,
,
,
,
,
,
,
,
,
,
,
,
,
,
,
,
,
,
,
,
,
,
,
,
,
,
,
,
,
,
,
,
,
,
,
,
,
,
,
,
,
,
,
,
,
,
,
,
,
,
,
,
,
,
,
,
,
,
,
,
,
,
,
,
,
,
,
,
,
,
,
,
,
,
,
,
,
,
,
,
,
,
,
,
,
,
,
,
,
,
,
,
,
,
,
,
,
,
,
,
,
,
,
,
,
,
,
,
,
,
,
,
,
,
,
,
,
,
,
,
,
,
,
,
,
,
,
,
,
,
,
,
,
,
,
,
,
,
,
,
,
,
,
,
,
,
,
,
,
,
,
,
,
,
,
,
,
,
,
,
,
,
,
,
,
,
,
,
,
,
,
,
,
,
,
,
,
,
,
,
,
,
,
,
,
,
,
,
,
,
,
,
,
,
,
,
,
,
,
,
,
,
,
,
,
,
,
,
,
,
,
,
,
,
,
,
,
,
,
,
,
,
,
,
,
,
,
,
,
,
,
,
,
,
,
,
,
,
,
,
,
,
,
,
,
,
,
,
,
,
,
,
,
,
,
,
,
,
,
,
,
,
,
,
,
,
,
,
,
,
,
,
,
,
,
,
,
,
,
,
,
,
,
,
,
,
,
,
,
,
,
,
,
,
,
,
,
,
,
,
,
,
,
,
,
,
,
,
,
,
,
,
,
,
,
,
,
,
,
,
,
,
,
,
,
,
,
,
,
,
,
,
,
,
,
,
,
,
,
,
,
,
,
,
,
,
,
,
,
,
,
,
,
,
,
,
,
,
,
,
,
,
,
,
,
,
,
,
,
,
,
,
,
,
,
,
,
,
,
,
,
,
,
,
,
,
,
,
,
,
,
,
,
,
,
,
,
,
,
,
,
,
,
,
,
,
,
,
,
,
,
,
,
,
,
,
,
,
,
,
,
,
,
,
,
,
,
,
,
,
,
,
,
,
,
,
,
,
,
,
,
,
,
,
,
,
,
,
,
,
,
,
,
,
,
,
,
,
,
,
,
,
,
,
,
,
,
,
,
,
,
,
,
,
,
,
,
,
,
,
,
,
,
,
,
,
,
,
,
,
,
,
,
,
,
,
,
,
,
,
,
,
,
,
,
,
,
,
,
,
,
,
,
,
,
,
,
,
,
,
,
,
,
,
,
,
,
,
,
,
,
,
,
,
,
,
,
,
,
,
,
,
,
,
,
,
,
,
,
,
,
,
,
,
,
,
,
,
,
,
,
,
,
,
,
,
,
,
,
,
,
,
,
,
,
,
,
,
,
,
,
,
,
,
,
,
,
,
,
,
,
,
,
,
,
,
,
,
,
,
,
,
,
,
,
,
,
,
,
,
,
,
,
,
,
,
,
,
,
,
,
,
,
,
,
,
,
,
,
,
,
,
,
,
,
,
,
,
,
,
,
,
,
,
,
,
,
,
,
,
,
,
,
,
,
,
,
,
,
,
,
,
,
,
,
,
,
,
,
,
,
,
,
,
,
,
,
,
,
,
,
,
,
,
,
,
,
,
,
,
,
,
,
,
,
,
,
,
,
,
,
,
,
,
,
,
,
,
,
,
,
,
,
,
,
,
,
,
,
,
,
,
,
,
,
,
,
,
,
,
,
,
,
,
,
,
,
,
,
,
,
,
,
,
,
,
,
,
,
,
,
,
,
,
,
,
,
,
,
,
,
,
,
,
,
,
,
,
,
,
,
,
,
,
,
,
,
,
,
,
,
,
,
,
,
,
,
,
,
,
,
,
,
,
,
,
,
,
,
,
,
,
,
,
,
,
,
,
,
,
,
,
,
,
,
,
,
,
,
,
,
,
,
,
,
,
,
,
,
,
,
,
,
,
,
,
,
,
,
,
,
,
,
,
,
,
,
,
,
,
,
,
,
,
,
,
,
,
,
,
,
,
,
,
,
,
,
,
,
,
,
,
,
,
,
,
,
,
,
,
,
,
,
,
,
,
,
,
,
,
,
,
,
,
,
,
,
,
,
,
,
,
,
,
,
,
,
,
,
,
,
,
,
,
,
,
,
,
,
,
,
,
,
,
,
,
,
,
,
,
,
,
,
,
,
,
,
,
,
,
,
,
,
,
,
,
,
,
,
,
,
,
,
,
,
,
,
,
,
,
,
,
,
,
,
,
,
,
,
,
,
,
,
,
,
,
,
,
,
,
,
,
,
,
,
,
,
,
,
,
,
,
,
,
,
,
,
,
,
,
,
,
,
,
,
,
,
,
,
,
,
,
,
,
,
,
,
,
,
,
,
,
,
,
,
,
,
,
,
,
,
,
,
,
,
,
,
,
,
,
,
,
,
,
,
,
,
,
,
,
,
,
,
,
,
,
,
,
,
,
,
,
,
,
,
,
,
,
,
,
,
,
,
,
,
,
,
,
,
,
,
,
,
,
,
,
,
,
,
,
,
,
,
,
,
,
,
,
,
,
,
,
,
,
,
,
,
,
,
,
,
,
,
,
,
,
,
,
,
,
,
,
,
,
,
,
,
,
,
,
,
,
,
,
,
,
,
,
,
,
,
,
,
,
,
,
,
,
,
,
,
,
,
,
,
,
,
,
,
,
,
,
,
,
,
,
,
,
,
,
,
,
,
,
,
,
,
,
,
,
,
,
,
,
,
,
,
,
,
,
,
,
,
,
,
,
,
,
,
,
,
,
,
,
,
,
,
,
,
,
,
,
,
,
,
,
,
,
,
,
,
,
,
,
,
,
,
,
,
,
,
,
,
,
,
,
,
,
,
,
,
,
,
,
,
,
,
,
,
,
,
,
,
,
,
,
,
,
,
,
,
,
,
,
,
,
,
,
,
,
,
,
,
,
,
,
,
,
,
,
,
,
,
,
,
,
,
,
,
,
,
,
,
,
,
,
,
,
,
,
,
,
,
,
,
,
,
,
,
,
,
,
,
,
,
,
,
,
,
,
,
,
,
,
,
,
,
,
,
,
,
,
,
,
,
,
,
,
,
,
,
,
,
,
,
,
,
,
,
,
,
,
,
,
,
,
,
,
,
,
,
,
,
,
,
,
,
,
,
,
,
,
,
,
,
,
,
,
,
,
,
,
,
,
,
,
,
,
,
,
,
,
,
,
,
,
,
,
,
,
,
,
,
,
,
,
,
,
,
,
,
,
,
,
,
,
,
,
,
,
,
,
,
,
,
,
,
,
,
,
,
,
,
,
,
,
,
,
,
,
,
,
,
,
,
,
,
,
,
,
,
,
,
,
,
,
,
,
,
,
,
,
,
,
,
,
,
,
,
,
,
,
,
,
,
,
,
,
,
,
,
,
,
,
,
,
,
,
,
,
,
,
,
,
,
,
,
,
,
,
,
,
,
,
,
,
,
,
,
,
,
,
,
,
,
,
,
,
,
,
,
,
,
,
,
,
,
,
,
,
,
,
,
,
,
,
,
,
,
,
,
,
,
,
,
,
,
,
,
,
,
,
,
,
,
,
,
,
,
,
,
,
,
,
,
,
,
,
,
,
,
,
,
,
,
,
,
,
,
,
,
,
,
,
,
,
,
,
,
,
,
,
,
,
,
,
,
,
,
,
,
,
,
,
,
,
,
,
,
,
,
,
,
,
,
,
,
,
,
,
,
,
,
,
,
,
,
,
,
,
,
,
,
,
,
,
,
,
,
,
,
,
,
,
,
,
,
,
,
,
,
,
,
,
,
,
,
,
,
,
,
,
,
,
,
,
,
,
,
,
,
,
,
,
,
,
,
,
,
,
,
,
,
,
,
,
,
,
,
,
,
,
,
,
,
,
,
,
,
,
,
,
,
,
,
,
,
,
,
,
,
,
,
,
,
,
,
,
,
,
,
,
,
,
,
,
,
,
,
,
,
,
,
,
,
,
,
,
,
,
,
,
,
,
,
,
,
,
,
,
,
,
,
,
,
,
,
,
,
,
,
,
,
,
,
,
,
,
,
,
,
,
,
,
,
,
,
,
,
,
,
,
,
,
,
,
,
,
,
,
,
,
,
,
,
,
,
,
,
,
,
,
,
,
,
,
,
,
,
,
,
,
,
,
,
,
,
,
,
,
,
,
,
,
,
,
,
,
,
,
,
,
,
,
,
,
,
,
,
,
,
,
,
,
,
,
,
,
,
,
,
,
,
,
,
,
,
,
,
,
,
,
,
,
,
,
,
,
,
,
,
,
,
,
,
,
,
,
,
,
,
,
,
,
,
,
,
,
,
,
,
,
,
,
,
,
,
,
,
,
,
,
,
,
,
,
,
,
,
,
,
,
,
,
,
,
,
,
,
,
,
,
,
,
,
,
,
,
,
,
,
,
,
,
,
,
,
,
,
,
,
,
,
,
,
,
,
,
,
,
,
,
,
,
,
,
,
,
,
,
,
,
,
,
,
,
,
,
,
,
,
,
,
,
,
,
,
,
,
,
,
,
,
,
,
,
,
,
,
,
,
,
,
,
,
,
,
,
,
,
,
,
,
,
,
,
,
,
,
,
,
,
,
,
,
,
,
,
,
,
,
,
,
,
,
,
,
,
,
,
,
,
,
,
,
,
,
,
,
,
,
,
,
,
,
,
,
,
,
,
,
,
,
,
,
,
,
,
,
,
,
,
,
,
,
,
,
,
,
,
,
,
,
,
,
,
,
,
,
,
,
,
,
,
,
,
,
,
,
,
,
,
,
,
,
,
,
,
,
,
,
,
,
,
,
,
,
,
,
,
,
,
,
,
,
,
,
,
,
,
,
,
,
,
,
,
,
,
,
,
,
,
,
,
,
,
,
,
,
,
,
,
,
,
,
,
,
,
,
,
,
,
,
,
,
,
,
,
,
,
,
,
,
,
,
,
,
,
,
,
,
,
,
,
,
,
,
,
,
,
,
,
,
,
,
,
,
,
,
,
,
,
,
,
,
,
,
,
,
,
,
,
,
,
,
,
,
,
,
,
,
,
,
,
,
,
,
,
,
,
,
,
,
,
,
,
,
,
,
,
,
,
,
,
,
,
,
,
,
,
,
,
,
,
,
,
,
,
,
,
,
,
,
,
,
,
,
,
,
,
,
,
,
,
,
,
,
,
,
,
,
,
,
,
,
,
,
,
,
,
,
,
,
,
,
,
,
,
,
,
,
,
,
,
,
,
,
,
,
,
,
,
,
,
,
,
,
,
,
,
,
,
,
,
,
,
,
,
,
,
,
,
,
,
,
,
,
,
,
,
,
,
,
,
,
,
,
,
,
,
,
,
,
,
,
,
,
,
,
,
,
,
,
,
,
,
,
,
,
,
,
,
,
,
,
,
,
,
,
,
,
,
,
,
,
,
,
,
,
,
,
,
,
,
,
,
,
,
,
,
,
,
,
,
,
,
,
,
,
,
,
,
,
,
,
,
,
,
,
,
,
,
,
,
,
,
,
,
,
,
,
,
,
,
,
,
,
,
,
,
,
,
,
,
,
,
,
,
,
,
,
,
,
,
,
,
,
,
,
,
,
,
,
,
,
,
,
,
,
,
,
,
,
,
,
,
,
,
,
,
,
,
,
,
,
,
,
,
,
,
,
,
,
,
,
,
,
,
,
,
,
,
,
,
,
,
,
,
,
,
,
,
,
,
,
,
,
,
,
,
,
,
,
,
,
,
,
,
,
,
,
,
,
,
,
,
,
,
,
,
,
,
,
,
,
,
,
,
,
,
,
,
,
,
,
,
,
,
,
,
,
,
,
,
,
,
,
,
,
,
,
,
,
,
,
,
,
,
,
,
,
,
,
,
,
,
,
,
,
,
,
,
,
,
,
,
,
,
,
,
,
,
,
,
,
,
,
,
,
,
,
,
,
,
,
,
,
,
,
,
,
,
,
,
,
,
,
,
,
,
,
,
,
,
,
,
,
,
,
,
,
,
,
,
,
,
,
,
,
,
,
,
,
,
,
,
,
,
,
,
,
,
,
,
,
,
,
,
,
,
,
,
,
,
,
,
,
,
,
,
,
,
,
,
,
,
,
,
,
,
,
,
,
,
,
,
,
,
,
,
,
,
,
,
,
,
,
,
,
,
,
,
,
,
,
,
,
,
,
,
,
,
,
,
,
,
,
,
,
,
,
,
,
,
,
,
,
,
,
,
,
,
,
,
,
,
,
,
,
,
,
,
,
,
,
,
,
,
,
,
,
,
,
,
,
,
,
,
,
,
,
,
,
,
,
,
,
,
,
,
,
,
,
,
,
,
,
,
,
,
,
,
,
,
,
,
,
,
,
,
,
,
,
,
,
,
,
,
,
,
,
,
,
,
,
,
,
,
,
,
,
,
,
,
,
,
,
,
,
,
,
,
,
,
,
,
,
,
,
,
,
,
,
,
,
,
,
,
,
,
,
,
,
,
,
,
,
,
,
,
,
,
,
,
,
,
,
,
,
,
,
,
,
,
,
,
,
,
,
,
,
,
,
,
,
,
,
,
,
,
,
,
,
,
,
,
,
,
,
,
,
,
,
,
,
,
,
,
,
,
,
,
,
,
,
,
,
,
,
,
,
,
,
,
,
,
,
,
,
,
,
,
,
,
,
,
,
,
,
,
,
,
,
,
,
,
,
,
,
,
,
,
,
,
,
,
,
,
,
,
,
,
,
,
,
,
,
,
,
,
,
,
,
,
,
,
,
,
,
,
,
,
,
,
,
,
,
,
,
,
,
,
,
,
,
,
,
,
,
,
,
,
,
,
,
,
,
,
,
,
,
,
,
,
,
,
,
,
,
,
,
,
,
,
,
,
,
,
,
,
,
,
,
,
,
,
,
,
,
,
,
,
,
,
,
,
,
,
,
,
,
,
,
,
,
,
,
,
,
,
,
,
,
,
,
,
,
,
,
,
,
,
,
,
,
,
,
,
,
,
,
,
,
,
,
,
,
,
,
,
,
,
,
,
,
,
,
,
,
,
,
,
,
,
,
,
,
,
,
,
,
,
,
,
,
,
,
,
,
,
,
,
,
,
,
,
,
,
,
,
,
,
,
,
,
,
,
,
,
,
,
,
,
,
,
,
,
,
,
,
,
,
,
,
,
,
,
,
,
,
,
,
,
,
,
,
,
,
,
,
,
,
,
,
,
,
,
,
,
,
,
,
,
,
,
,
,
,
,
,
,
,
,
,
,
,
,
,
,
,
,
,
,
,
,
,
,
,
,
,
,
,
,
,
,
,
,
,
,
,
,
,
,
,
,
,
,
,
,
,
,
,
,
,
,
,
,
,
,
,
,
,
,
,
,
,
,
,
,
,
,
,
,
,
,
,
,
,
,
,
,
,
,
,
,
,
,
,
,
,
,
,
,
,
,
,
,
,
,
,
,
,
,
,
,
,
,
,
,
,
,
,
,
,
,
,
,
,
,
,
,
,
,
,
,
,
,
,
,
,
,
,
,
,
,
,
,
,
,
,
,
,
,
,
,
,
,
,
,
,
,
,
,
,
,
,
,
,
,
,
,
,
,
,
,
,
,
,
,
,
,
,
,
,
,
,
,
,
,
,
,
,
,
,
,
,
,
,
,
,
,
,
,
,
,
,
,
,
,
,
,
,
,
,
,
,
,
,
,
,
,
,
,
,
,
,
,
,
,
,
,
,
,
,
,
,
,
,
,
,
,
,
,
,
,
,
,
,
,
,
,
,
,
,
,
,
,
,
,
,
,
,
,
,
,
,
,
,
,
,
,
,
,
,
,
,
,
,
,
,
,
,
,
,
,
,
,
,
,
,
,
,
,
,
,
,
,
,
,
,
,
,
,
,
,
,
,
,
,
,
,
,
,
,
,
,
,
,
,
,
,
,
,
,
,
,
,
,
,
,
,
,
,
,
,
,
,
,
,
,
,
,
,
,
,
,
,
,
,
,
,
,
,
,
,
,
,
,
,
,
,
,
,
,
,
,
,
,
,
,
,
,
,
,
,
,
,
,
,
,
,
,
,
,
,
,
,
,
,
,
,
,
,
,
,
,
,
,
,
,
,
,
,
,
,
,
,
,
,
,
,
,
,
,
,
,
,
,
,
,
,
,
,
,
,
,
,
,
,
,
,
,
,
,
,
,
,
,
,
,
,
,
,
,
,
,
,
,
,
,
,
,
,
,
,
,
,
,
,
,
,
,
,
,
,
,
,
,
,
,
,
,
,
,
,
,
,
,
,
,
,
,
,
,
,
,
,
,
,
,
,
,
,
,
,
,
,
,
,
,
,
,
,
,
,
,
,
,
,
,
,
,
,
,
,
,
,
,
,
,
,
,
,
,
,
,
,
,
,
,
,
,
,
,
,
,
,
,
,
,
,
,
,
,
,
,
,
,
,
,
,
,
,
,
,
,
,
,
,
,
,
,
,
,
,
,
,
,
,
,
,
,
,
,
,
,
,
,
,
,
,
,
,
,
,
,
,
,
,
,
,
,
,
,
,
,
,
,
,
,
,
,
,
,
,
,
,
,
,
,
,
,
,
,
,
,
,
,
,
,
,
,
,
,
,
,
,
,
,
,
,
,
,
,
,
,
,
,
,
,
,
,
,
,
,
,
,
,
,
,
,
,
,
,
,
,
,
,
,
,
,
,
,
,
,
,
,
,
,
,
,
,
,
,
,
,
,
,
,
,
,
,
,
,
,
,
,
,
,
,
,
,
,
,
,
,
,
,
,
,
,
,
,
,
,
,
,
,
,
,
,
,
,
,
,
,
,
,
,
,
,
,
,
,
,
,
,
,
,
,
,
,
,
,
,
,
,
,
,
,
,
,
,
,
,
,
,
,
,
,
,
,
,
,
,
,
,
,
,
,
,
,
,
,
,
,
,
,
,
,
,
,
,
,
,
,
,
,
,
,
,
,
,
,
,
,
,
,
,
,
,
,
,
,
,
,
,
,
,
,
,
,
,
,
,
,
,
,
,
,
,
,
,
,
,
,
,
,
,
,
,
,
,
,
,
,
,
,
,
,
,
,
,
,
,
,
,
,
,
,
,
,
,
,
,
,
,
,
,
,
,
,
,
,
,
,
,
,
,
,
,
,
,
,
,
,
,
,
,
,
,
,
,
,
,
,
,
,
,
,
,
,
,
,
,
,
,
,
,
,
,
,
,
,
,
,
,
,
,
,
,
,
,
,
,
,
,
,
,
,
,
,
,
,
,
,
,
,
,
,
,
,
,
,
,
,
,
,
,
,
,
,
,
,
,
,
,
,
,
,
,
,
,
,
,
,
,
,
,
,
,
,
,
,
,
,
,
,
,
,
,
,
,
,
,
,
,
,
,
,
,
,
,
,
,
,
,
,
,
,
,
,
,
,
,
,
,
,
,
,
,
,
,
,
,
,
,
,
,
,
,
,
,
,
,
,
,
,
,
,
,
,
,
,
,
,
,
,
,
,
,
,
,
,
,
,
,
,
,
,
,
,
,
,
,
,
,
,
,
,
,
,
,
,
,
,
,
,
,
,
,
,
,
,
,
,
,
,
,
,
,
,
,
,
,
,
,
,
,
,
,
,
,
,
,
,
,
,
,
,
,
,
,
,
,
,
,
,
,
,
,
,
,
,
,
,
,
,
,
,
,
,
,
,
,
,
,
,
,
,
,
,
,
,
,
,
,
,
,
,
,
,
,
,
,
,
,
,
,
,
,
,
,
,
,
,
,
,
,
,
,
,
,
,
,
,
,
,
,
,
,
,
,
,
,
,
,
,
,
,
,
,
,
,
,
,
,
,
,
,
,
,
,
,
,
,
,
,
,
,
,
,
,
,
,
,
,
,
,
,
,
,
,
,
,
,
,
,
,
,
,
,
,
,
,
,
,
,
,
,
,
,
,
,
,
,
,
,
,
,
,
,
,
,
,
,
,
,
,
,
,
,
,
,
,
,
,
,
,
,
,
,
,
,
,
,
,
,
,
,
,
,
,
,
,
,
,
,
,
,
,
,
,
,
,
,
,
,
,
,
,
,
,
,
,
,
,
,
,
,
,
,
,
,
,
,
,
,
,
,
,
,
,
,
,
,
,
,
,
,
,
,
,
,
,
,
,
,
,
,
,
,
,
,
,
,
,
,
,
,
,
,
,
,
,
,
,
,
,
,
,
,
,
,
,
,
,
,
,
,
,
,
,
,
,
,
,
,
,
,
,
,
,
,
,
,
,
,
,
,
,
,
,
,
,
,
,
,
,
,
,
,
,
,
,
,
,
,
,
,
,
,
,
,
,
,
,
,
,
,
,
,
,
,
,
,
,
,
,
,
,
,
,
,
,
,
,
,
,
,
,
,
,
,
,
,
,
,
,
,
,
,
,
,
,
,
,
,
,
,
,
,
,
,
,
,
,
,
,
,
,
,
,
,
,
,
,
,
,
,
,
,
,
,
,
,
,
,
,
,
,
,
,
,
,
,
,
,
,
,
,
,
,
,
,
,
,
,
,
,
,
,
,
,
,
,
,
,
,
,
,
,
,
,
,
,
,
,
,
,
,
,
,
,
,
,
,
,
,
,
,
,
,
,
,
,
,
,
,
,
,
,
,
,
,
,
,
,
,
,
,
,
,
,
,
,
,
,
,
,
,
,
,
,
,
,
,
,
,
,
,
,
,
,
,
,
,
,
,
,
,
,
,
,
,
,
,
,
,
,
,
,
,
,
,
,
,
,
,
,
,
,
,
,
,
,
,
,
,
,
,
,
,
,
,
,
,
,
,
,
,
,
,
,
,
,
,
,
,
,
,
,
,
,
,
,
,
,
,
,
,
,
,
,
,
,
,
,
,
,
,
,
,
,
,
,
,
,
,
,
,
,
,
,
,
,
,
,
,
,
,
,
,
,
,
,
,
,
,
,
,
,
,
,
,
,
,
,
,
,
,
,
,
,
,
,
,
,
,
,
,
,
,
,
,
,
,
,
,
,
,
,
,
,
,
,
,
,
,
,
,
,
,
,
,
,
,
,
,
,
,
,
,
,
,
,
,
,
,
,
,
,
,
,
,
,
,
,
,
,
,
,
,
,
,
,
,
,
,
,
,
,
,
,
,
,
,
,
,
,
,
,
,
,
,
,
,
,
,
,
,
,
,
,
,
,
,
,
,
,
,
,
,
,
,
,
,
,
,
,
,
,
,
,
,
,
,
,
,
,
,
,
,
,
,
,
,
,
,
,
,
,
,
,
,
,
,
,
,
,
,
,
,
,
,
,
,
,
,
,
,
,
,
,
,
,
,
,
,
,
,
,
,
,
,
,
,
,
,
,
,
,
,
,
,
,
,
,
,
,
,
,
,
,
,
,
,
,
,
,
,
,
,
,
,
,
,
,
,
,
,
,
,
,
,
,
,
,
,
,
,
,
,
,
,
,
,
,
,
,
,
,
,
,
,
,
,
,
,
,
,
,
,
,
,
,
,
,
,
,
,
,
,
,
,
,
,
,
,
,
,
,
